id,student_id,session_id
00ecdd16-ea53-405c-a305-0acb35a849c0,378092a2-0d5c-45ea-88fa-acfc50676ed5,566a9cde-42d1-45d3-b8c0-2a752c06e48b
0157857f-872c-4b82-a8b4-87142e3b4f68,43265a22-0a19-40b0-b708-73cf2cca8028,fab707a1-b32d-4fe6-8a91-e58e6a9147d6
023813ef-df93-4830-b606-2961dd67a41a,145512d8-8924-4113-8d23-978af22ef3ad,17e64ec3-fd0a-4cdf-9a7c-ef4ca51835a0
0264a61e-a0ab-4512-969c-556c8dff2074,55c6d556-2dba-4172-b655-10321c7c02dc,63a97128-5669-454d-8ff0-2b28f7b3f691
04b9be75-699f-4b4d-b420-6f141a581803,8350cba8-5c8d-4085-b145-5ea5bb7b5a01,e15a3982-3e8a-456e-b92e-2d5786fdbe79
05b0d762-85df-44b5-ad35-949826a5a9d4,af6aba23-d7b2-47ae-ba8e-b6199290632b,566a9cde-42d1-45d3-b8c0-2a752c06e48b
07aab88b-e5b9-4293-b59d-b02359716990,8f2cfede-b791-428c-98d0-6bbc205f0039,17e64ec3-fd0a-4cdf-9a7c-ef4ca51835a0
07e8b4f9-eddb-46ea-a079-b2a4639d37d9,332230bc-8da9-4204-8ce7-17fbe356d4ab,63a97128-5669-454d-8ff0-2b28f7b3f691
08ad083a-f1a4-413a-87d8-5b0035380078,945a0cbe-0e19-494e-8041-3f19213e9c13,566a9cde-42d1-45d3-b8c0-2a752c06e48b
08c2a3b8-7d6e-4ed2-b513-6bf42249ac21,200ec8e9-7c45-4db1-b9e9-4ac60aee6c94,17e64ec3-fd0a-4cdf-9a7c-ef4ca51835a0
0922902f-47fa-4d0c-92eb-20f1b287e4b0,bf3a2d61-29d4-48d2-8c9f-babfad8878b0,8ad83b04-db31-4eb2-bcf9-a0f2ca1c3758
09643534-40d9-456d-aa98-efdb3a8ca987,d5efe5d4-17b7-4128-8fa4-af3f00605855,cf4f79ce-64ff-4f7e-8932-fac7158219a6
0a663d93-7e39-443f-86fb-0f1d4a028241,0785126b-c15a-4657-9a0c-4934fd242d03,8ad83b04-db31-4eb2-bcf9-a0f2ca1c3758
0b0cd827-13d2-4515-883e-c012269fa07d,54fc67f6-59b9-4124-9b91-6373eea5e4dc,1ad936a9-d769-4815-a351-79308ddbf460
0bc6bb97-8f07-4354-a524-357ca740c955,7dbfe406-84cf-480a-8c94-53813d21a5a3,cf4f79ce-64ff-4f7e-8932-fac7158219a6
0c1b64f3-a91a-41bf-ac8a-1c79dd83407d,8f2e686e-eee4-4a08-8779-3a1178ad71d5,cf4f79ce-64ff-4f7e-8932-fac7158219a6
0e2fad72-7ad1-4d50-a103-f46330d36659,8478450c-cc19-4832-9d54-1f58edf947af,d73f1a03-54f9-4c3d-96b8-4eb3d094e024
0ecb65f4-1f12-4ae0-8361-824d513f1247,e6940706-24e3-4854-918c-6825b205f770,566a9cde-42d1-45d3-b8c0-2a752c06e48b
0edf7529-723f-4a05-ac79-baf9fffed23f,614ff810-afe1-4f73-9d6e-e95fdac923fd,e3faf190-1c05-48dc-bf59-fe232592f0c6
0fd0e2b6-534b-443a-83df-b08609c8e4dc,9e11222d-745e-41d2-81bb-123a8b4bf0d4,63a97128-5669-454d-8ff0-2b28f7b3f691
101b1c59-2cf8-47c6-bd17-f1adb4b2d88e,75a1e34b-270b-4d6f-8064-aa5e88469481,e3faf190-1c05-48dc-bf59-fe232592f0c6
1025bbdc-537e-4b25-ae8e-a550481e66d0,b23064d3-1ab0-4df5-8bd4-7a9618c6a688,17e64ec3-fd0a-4cdf-9a7c-ef4ca51835a0
125df695-6795-4da2-a6bb-4da738ce7a72,4b449f2a-f620-4729-974e-1a0953433cfa,e3faf190-1c05-48dc-bf59-fe232592f0c6
152847e1-7df2-4aec-8336-a2c2786ef65a,a783ec55-e2d3-49e9-83f4-4558d6f4df3b,813f93ca-dd8c-4b7b-8f82-6c8b71bdb340
15e40634-9bcc-4959-b533-e29ce6dd7c58,563de481-2c7b-4c42-abfa-73ed70e94dfa,cf4f79ce-64ff-4f7e-8932-fac7158219a6
17bd1fb4-db7f-4531-a26d-9306fa70188f,759963f3-f82c-49b9-8c79-556e45fbc9a7,17e64ec3-fd0a-4cdf-9a7c-ef4ca51835a0
1825cf1f-292c-4142-93bc-651d27966688,d8b05585-9ce2-4712-bac9-d0eb53ee7fb2,1ad936a9-d769-4815-a351-79308ddbf460
185701b2-7de5-4806-ab59-e41371490ae4,f553cbe9-7d32-4bdf-a3de-233ac65896bc,fab707a1-b32d-4fe6-8a91-e58e6a9147d6
1959a7fd-d553-4386-81a5-3731b01dd4fe,15e7e7a0-078b-4665-87f0-7bfce20cfdef,fab707a1-b32d-4fe6-8a91-e58e6a9147d6
1ae96247-05d4-4043-b140-07e6e089a51e,bf8a7683-dc0d-432f-affc-47e671580a04,d73f1a03-54f9-4c3d-96b8-4eb3d094e024
1c71efa9-d5ed-4730-b0da-9fafff352941,416afd64-94ff-4bba-8f79-cbefe1edc794,d73f1a03-54f9-4c3d-96b8-4eb3d094e024
1c72d6b1-feff-4c6a-8259-6f14e6ece613,c9b9c4c6-d853-4843-a94b-2bbb0123363f,17e64ec3-fd0a-4cdf-9a7c-ef4ca51835a0
1e21b9b8-7075-49fa-85fc-4fd1313b73e3,0f881966-5d18-4751-9eba-a8fe1aa04be9,566a9cde-42d1-45d3-b8c0-2a752c06e48b
1e50eaa3-305f-4dea-ba36-d7428080a38f,e7f545e0-c0d4-44d2-811e-ff28ce7b7f3a,17e64ec3-fd0a-4cdf-9a7c-ef4ca51835a0
201238c9-dfa8-41d6-9354-b95d9f8136a5,f76b1615-6dda-4d67-aa6e-bc62289be532,813f93ca-dd8c-4b7b-8f82-6c8b71bdb340
204c610e-c3ca-4e90-88ac-f2975278a1c2,795108b1-3ee8-4c08-a082-16eeaf708b4b,d73f1a03-54f9-4c3d-96b8-4eb3d094e024
207b523a-71d0-4d61-855e-2371c0429490,992e277b-c915-4673-bb8a-ef725a384c46,d73f1a03-54f9-4c3d-96b8-4eb3d094e024
20e08474-3bf8-4251-95b8-f8b6ba38f0ce,6f07a4c9-a5ae-4304-815c-90540488a3bc,e3faf190-1c05-48dc-bf59-fe232592f0c6
21e44a9d-887e-446d-a079-cd3a6219402d,970c3598-15a4-4a7a-864c-34aa938f1fa9,e15a3982-3e8a-456e-b92e-2d5786fdbe79
22c0d366-6200-45a8-a9e2-e14e72ed02ee,f48216ce-15fb-4da5-935f-6e44fe32dbde,fab707a1-b32d-4fe6-8a91-e58e6a9147d6
243992d1-709c-4c24-91c9-5387f00b8b18,5e0d0bce-9ac7-4324-8944-b2a7403ccfcb,cf4f79ce-64ff-4f7e-8932-fac7158219a6
243ca24f-b0eb-4d4b-880d-5e103ef27485,994d8406-09cc-47f7-a340-a251393fd5e2,17e64ec3-fd0a-4cdf-9a7c-ef4ca51835a0
257c7884-3d67-42e2-af92-caf88251fd6a,9fcafb73-941d-482b-8fb6-4d5cf8b24fd9,e15a3982-3e8a-456e-b92e-2d5786fdbe79
27cf9c24-e9a8-4016-b4a7-4a889309832a,fa1825eb-65a6-4927-b9f5-f45fc49654c8,8ad83b04-db31-4eb2-bcf9-a0f2ca1c3758
2a239af6-9d9e-4849-8a82-3ebc62325dd4,1a477913-8019-48df-bf64-29628e64174c,d73f1a03-54f9-4c3d-96b8-4eb3d094e024
2b045f86-dfa0-4680-b30f-71d65e5f0531,b61cd2a1-9bb0-49e1-a420-770c928d2dca,e15a3982-3e8a-456e-b92e-2d5786fdbe79
2c000f64-d312-46cb-b2f9-ef05ddfd509d,cc78d4a4-e7b8-4bf2-91b4-8feced3aa797,17e64ec3-fd0a-4cdf-9a7c-ef4ca51835a0
2c857689-46ce-4287-bb7a-b6d76cade3c0,dcfb4e6c-7095-4df5-aa41-d81f97c9c6ed,8ad83b04-db31-4eb2-bcf9-a0f2ca1c3758
2decaf9a-7d41-46f9-ae2e-cb8ec69960dc,0507a7be-5c11-4942-8d1c-a8b8b63b114a,17e64ec3-fd0a-4cdf-9a7c-ef4ca51835a0
2ef732e1-5f7c-4ab5-bf4d-a1ab776bc2b7,d8dc6c47-eee5-4a21-83bb-ded4ccb2260d,566a9cde-42d1-45d3-b8c0-2a752c06e48b
2fa44c36-4223-438d-8c28-b8e05673dd9e,baf4f137-4d38-44f2-8d4d-7b66c0a43d93,d73f1a03-54f9-4c3d-96b8-4eb3d094e024
322e0f34-ff28-4e00-8f3a-85df18f2f33d,e2ec7220-728b-4b44-83cb-6dc441f97743,17e64ec3-fd0a-4cdf-9a7c-ef4ca51835a0
3241d3d1-2c74-49d3-bc0e-0b7bf58f3a1f,d4b26684-1ac7-4e74-bfdb-93d38767c050,566a9cde-42d1-45d3-b8c0-2a752c06e48b
3247715c-9cb6-4184-9c7b-b275babe2623,485ecba1-787e-4331-aaa7-e246f7206474,fab707a1-b32d-4fe6-8a91-e58e6a9147d6
330d987b-f0cf-440f-8979-dfc5b810ba16,114a3a51-c12a-4cca-95ff-ea6518880f7a,17e64ec3-fd0a-4cdf-9a7c-ef4ca51835a0
339abdc7-afc0-42b1-b07a-55cc33973cd7,fbba2d5f-dbae-4b54-9b7f-76794de90c05,cf4f79ce-64ff-4f7e-8932-fac7158219a6
35b1ff02-3b53-40dd-896e-bdebfbece0e9,0460e878-d577-4f3d-81da-da105572d539,e3faf190-1c05-48dc-bf59-fe232592f0c6
378f637e-e985-4222-ad86-0f250cd150a0,1903954d-9bf8-4444-9174-b0517379efe4,e15a3982-3e8a-456e-b92e-2d5786fdbe79
383d0b04-07eb-42fd-9312-19ca1f6f2588,5e7af5f8-df8e-4cfc-96e3-0e6380906e36,8ad83b04-db31-4eb2-bcf9-a0f2ca1c3758
388501ed-5d94-4cd4-ad1c-6fafac35ef96,ee2e3cc2-adff-439a-a14e-47458a215450,fab707a1-b32d-4fe6-8a91-e58e6a9147d6
38a7939e-c09d-48de-8ee5-54212a105cc7,05cb50c2-7a8f-46ef-8906-711f8e153758,fab707a1-b32d-4fe6-8a91-e58e6a9147d6
39f723cb-957a-4aeb-97d2-8f674ba72b17,d10cc456-7766-4be2-89d3-390ee935e305,cf4f79ce-64ff-4f7e-8932-fac7158219a6
3a2c686a-9cb2-4fbf-81ad-b94868ac220c,a6fe000a-a1c9-49dc-8f3c-63f6f6c0ccbb,63a97128-5669-454d-8ff0-2b28f7b3f691
3a572c2a-78ad-49de-9d82-47d67e32350e,a34cf6c6-7caf-462b-8853-79b23d61351f,e15a3982-3e8a-456e-b92e-2d5786fdbe79
3b1c95b3-edcd-44c0-b355-13f06669eac5,e3a1f8c9-4c88-42b9-afb5-ed8b975f9b69,e15a3982-3e8a-456e-b92e-2d5786fdbe79
3e208af4-07f8-4afa-a9de-8f6f9e245373,38ac86c7-a923-47ac-a73c-7e6edb8f9c41,813f93ca-dd8c-4b7b-8f82-6c8b71bdb340
40841425-b992-4be5-be9c-ac6901ebb625,f2e0d7f5-847f-4ec0-9d1d-ce754dd0c5cf,d73f1a03-54f9-4c3d-96b8-4eb3d094e024
4094b2c5-a3c1-44dc-8a73-22ec40a15049,2e0559d1-cadb-496b-8381-b86fac246938,e3faf190-1c05-48dc-bf59-fe232592f0c6
4164bc9b-aafa-48d5-bfa3-37432fc01b7d,bc2fbb69-0391-4891-aee6-db65a2a307bc,d73f1a03-54f9-4c3d-96b8-4eb3d094e024
418be186-b0a0-4d0b-b345-31ebcc9cde7e,f888379a-7d3a-4620-98b9-849ca9f0c563,d73f1a03-54f9-4c3d-96b8-4eb3d094e024
4197a414-d611-45ed-86dd-ee4c7b3a6e09,544be0f6-98e8-42e9-9d7c-a345b21112ff,566a9cde-42d1-45d3-b8c0-2a752c06e48b
426360b1-7533-4257-893c-a7d1ccaa7f59,53dee3d4-f8e4-44c5-83d4-f530ad5d354d,d73f1a03-54f9-4c3d-96b8-4eb3d094e024
426ae9d7-0117-42fe-9842-8b1b73dc0987,9b1f8bbc-2046-41a4-a5ad-b3d3b54cb654,63a97128-5669-454d-8ff0-2b28f7b3f691
42dde530-a5f5-4131-954c-f671d3d05928,e3e08740-ec4f-41a3-b136-6cbe143e447e,17e64ec3-fd0a-4cdf-9a7c-ef4ca51835a0
43024c90-c432-460c-b0a7-ce5817fad294,7098f619-e1ac-477f-9d98-aefd9a391c2a,e15a3982-3e8a-456e-b92e-2d5786fdbe79
43551863-03fa-4aaa-a074-9ab52e12df75,b95c3503-da2d-4dae-8d20-fa0bdc1d0dee,813f93ca-dd8c-4b7b-8f82-6c8b71bdb340
439bc5bd-ddc9-4c3d-9fc5-4723a82dca3b,9a7213fc-1e41-41a4-9419-f507eab315e6,e15a3982-3e8a-456e-b92e-2d5786fdbe79
4464fd8d-b62b-4cac-978a-3dc4fa144fbc,f07c1c06-02e2-480d-9193-9d2a2577cd30,e15a3982-3e8a-456e-b92e-2d5786fdbe79
4552e842-d426-49c3-a3e0-9a948417e66c,d13fc590-a972-4940-813d-63c9d6edc6a1,566a9cde-42d1-45d3-b8c0-2a752c06e48b
456638aa-a7e1-4662-b6b5-df88822a532f,47f8e057-53fa-4870-bea7-dc8a17513026,63a97128-5669-454d-8ff0-2b28f7b3f691
4689430f-050a-44c5-912a-53fe085f0454,0c1f9e58-d589-4d1e-8b23-de2083324ca1,cf4f79ce-64ff-4f7e-8932-fac7158219a6
46d9ffdb-e389-49fa-ace4-528a1ad33bab,8a841124-076b-4143-a7fa-0ac6e73f023c,e15a3982-3e8a-456e-b92e-2d5786fdbe79
472d5f70-9e79-4ae5-b3b4-43aaf05ef63f,807a0260-463d-4007-9bd1-b2f9d8f0d437,63a97128-5669-454d-8ff0-2b28f7b3f691
47d9266d-ac60-4605-a14a-56caa4941f63,d1eef2cb-99d2-46c9-9080-014163dc4093,cf4f79ce-64ff-4f7e-8932-fac7158219a6
48bf61a4-b35e-4a65-acc0-28eb8eebf6a9,1b3244a7-7ced-4427-945e-700f18a73d66,1ad936a9-d769-4815-a351-79308ddbf460
49999556-2d0a-4e1a-80c0-b7d87391fa6b,3d0f468a-6b97-4773-ae56-c53f048b9173,e3faf190-1c05-48dc-bf59-fe232592f0c6
4ad01327-cd3c-4b4b-80d8-dd452121797c,dd8d0292-0470-4196-9fd5-63d9cef6a20b,e3faf190-1c05-48dc-bf59-fe232592f0c6
4b73dc2a-8346-406d-aa3b-5a8e7903eff3,844cf12a-e1fe-4e63-9340-0935aebbae6e,566a9cde-42d1-45d3-b8c0-2a752c06e48b
4c73a079-eb68-4766-8a2c-798695406a4e,16b07c1f-9300-42a4-9889-2b00660cc222,d73f1a03-54f9-4c3d-96b8-4eb3d094e024
4d65d2c6-61b0-4258-82fe-596fbe7ce248,e0dfa334-147c-47b2-85e8-4e8268789a69,813f93ca-dd8c-4b7b-8f82-6c8b71bdb340
4dc6a1e1-af37-4a42-885b-80dfc3f89c3b,72e080ad-62b5-4aa1-9ffe-240cdff2383c,e3faf190-1c05-48dc-bf59-fe232592f0c6
50222e96-0d02-4b46-a7eb-2022439b846a,1edf3089-b187-4f05-a653-1fef17453a59,e15a3982-3e8a-456e-b92e-2d5786fdbe79
5047f2de-a682-486a-b2cc-5d229614d88d,616bf4db-4b5e-4423-9f85-db971cc7f421,566a9cde-42d1-45d3-b8c0-2a752c06e48b
51e54a3d-d339-4b45-aefa-09c70e48d0a1,4c0fbbf1-5301-4289-9d7f-06ad471f1b62,e3faf190-1c05-48dc-bf59-fe232592f0c6
52461529-b231-4abd-b7ab-b043b8bef749,8f5a0dad-40bc-47cd-9140-e4ef60692f1f,566a9cde-42d1-45d3-b8c0-2a752c06e48b
52cc75b8-d7a7-410d-a8f1-18ec1773db0a,9df54f03-b941-4d5e-a25a-5f6a4f433cac,fab707a1-b32d-4fe6-8a91-e58e6a9147d6
5369d8a8-3e9c-46a2-8fd4-75eaa626d131,702b1883-9d4f-4278-aded-113bc06d6484,cf4f79ce-64ff-4f7e-8932-fac7158219a6
5419a6e4-919c-4b27-8d55-cc5893c939fc,e83ef64e-d212-4eeb-a397-168199e38770,d73f1a03-54f9-4c3d-96b8-4eb3d094e024
5428819a-52fb-4570-af3a-e8c9db14788f,facb71f8-d479-4e76-b127-d17230ae2fa7,d73f1a03-54f9-4c3d-96b8-4eb3d094e024
54c46dfb-d4fd-444b-bb47-c60ebb202891,907bad74-d218-4fb2-9cb1-49ca8149c6d1,e15a3982-3e8a-456e-b92e-2d5786fdbe79
5609e20b-e124-400e-890e-017b01943d72,01768c15-7b9e-4464-a8c7-93e0c099a5db,17e64ec3-fd0a-4cdf-9a7c-ef4ca51835a0
56262176-e4ee-48a2-8007-528bce794d79,11feb935-c0e3-4ff4-a399-9f8154cc0019,566a9cde-42d1-45d3-b8c0-2a752c06e48b
56a6dacb-fdc3-4eea-a103-1d6683368e18,2c4395b8-abc6-49ca-838e-5376a9547c49,e15a3982-3e8a-456e-b92e-2d5786fdbe79
56d98708-878b-429c-95c6-ec017a8a61f0,88af3413-ba0e-47f0-bc2d-5900d1fc88a5,d73f1a03-54f9-4c3d-96b8-4eb3d094e024
599274d1-c14a-4de1-9102-c53c771d497c,7e5a31aa-f5ed-44b2-83a1-ec8f46b13092,d73f1a03-54f9-4c3d-96b8-4eb3d094e024
59c1f2b2-a040-4b02-a183-8efae993a523,6813492e-d168-493b-9d1d-dd0ceaceb8d3,63a97128-5669-454d-8ff0-2b28f7b3f691
5b26967e-c9e1-4567-9efe-0bc4580eb2a9,d5cc7d0f-c001-4fb2-bf67-b2e5b99521d6,813f93ca-dd8c-4b7b-8f82-6c8b71bdb340
5bfaea7f-76aa-4a05-ab75-c3bac15a4d95,71c47253-7442-4a24-a974-93fce30c4f59,d73f1a03-54f9-4c3d-96b8-4eb3d094e024
5c67f514-c657-4a0f-a9ec-1782dfd39e97,1fe05fe0-55e0-4d7f-9b88-e92a24a9f907,566a9cde-42d1-45d3-b8c0-2a752c06e48b
5c8ce767-c57f-43d8-90f3-657c58d434e6,b42673cf-77ec-41ed-bf2b-d18d7acaa000,e3faf190-1c05-48dc-bf59-fe232592f0c6
5cb7cea3-1813-4f65-8fa0-8a62143d9400,301b06fe-3d5e-4bf0-861e-a9a8e3ec524e,566a9cde-42d1-45d3-b8c0-2a752c06e48b
5cdbfd81-94bf-41fb-b948-9b01bc677439,3cc268dd-096a-4f50-96d3-22a509097bed,e3faf190-1c05-48dc-bf59-fe232592f0c6
5e35c962-05f5-4227-a1b9-51bc42756fd8,7a798aec-6c0b-4eeb-a548-7ad59d0b566e,813f93ca-dd8c-4b7b-8f82-6c8b71bdb340
5e3c3dea-f7d7-4042-aa63-843a0ca65a1f,3f41c0ff-d66c-4e0a-b1fe-9afe8c34125c,1ad936a9-d769-4815-a351-79308ddbf460
5f3484bc-a287-4da7-a181-0e767db6a53d,5d648895-289a-4316-b6ef-1a5cdf44babe,e3faf190-1c05-48dc-bf59-fe232592f0c6
6015996f-7496-4535-8add-eaaec5b2e73a,a02be0c3-7b8f-4e07-8b5e-260c231cca42,cf4f79ce-64ff-4f7e-8932-fac7158219a6
6154c090-877d-4470-8d08-02044f5ebf02,1aa34c49-16d3-4a2d-858d-d92399d2c987,cf4f79ce-64ff-4f7e-8932-fac7158219a6
62b17b14-3526-4112-8be8-6b53d135fba1,fd74d0f4-c515-439d-9e01-ce1851a66496,813f93ca-dd8c-4b7b-8f82-6c8b71bdb340
65276d5e-7725-4724-aba5-0f1daeabe878,ecf3be1c-aa71-421f-a5fb-dc50761a2462,cf4f79ce-64ff-4f7e-8932-fac7158219a6
6553b7f3-6390-404e-aee8-ab532a54836e,31a4dec4-33fd-4862-af47-e528d56076ec,e3faf190-1c05-48dc-bf59-fe232592f0c6
6593b371-74c7-47d5-8a46-9ef327752c01,00ff5370-acd3-46b6-97d2-df38ff091602,d73f1a03-54f9-4c3d-96b8-4eb3d094e024
65aa3fa6-855a-41ed-baf1-651f5fe5def1,f0295c5c-da74-48ac-a17a-282509c8650f,d73f1a03-54f9-4c3d-96b8-4eb3d094e024
66710c6a-8ee1-47a1-9a7f-1ee6657692d0,431bd9bc-f7a1-45a5-855c-25b79a0ff206,566a9cde-42d1-45d3-b8c0-2a752c06e48b
66a7afac-f736-4b3a-8c71-46c1a9da6d02,1cacd825-c0bb-470c-8836-b61f23d37385,1ad936a9-d769-4815-a351-79308ddbf460
6795c072-4739-4b8f-b0cb-54dee21f38a9,7e1e6dce-db56-4f55-8c92-577be3ac726a,cf4f79ce-64ff-4f7e-8932-fac7158219a6
67a2a8ca-162f-4b49-b80e-199e15f933f6,377677b8-ea6a-44df-a63a-89f56ff38610,566a9cde-42d1-45d3-b8c0-2a752c06e48b
67a9039f-9e47-4c6c-b0f1-df6146ca3e60,4b7823a9-ab0a-4b29-9463-ad22bcf868de,e15a3982-3e8a-456e-b92e-2d5786fdbe79
698c1f7c-9382-46d0-a562-146b6e34ac4d,3b6206c9-f891-4f1c-808c-c787920ccda1,63a97128-5669-454d-8ff0-2b28f7b3f691
6cc56103-73f2-4392-9dc2-47161a08438c,c0abe34c-d4e3-4894-ba23-9c0d0f317f2d,17e64ec3-fd0a-4cdf-9a7c-ef4ca51835a0
6d2e4885-293d-402f-b33c-eca46630f8cb,15e0f1df-7065-47f1-9cb3-fcf4bd9a134c,63a97128-5669-454d-8ff0-2b28f7b3f691
6d34b57f-1d1c-471d-9537-f9602f1632f8,99f5a664-5d35-4bb0-ac4d-c1c0e154d152,17e64ec3-fd0a-4cdf-9a7c-ef4ca51835a0
6ec6b86c-ac0f-4f7c-8643-740f1f90671a,16c47950-da47-4ed3-b94e-8e3c4f9b05e5,e3faf190-1c05-48dc-bf59-fe232592f0c6
6eeda54e-056c-4720-bede-863d271fc7ad,e0461042-79af-4562-8bfe-e732a147a417,e3faf190-1c05-48dc-bf59-fe232592f0c6
6f9ea167-64f5-491e-b8ba-00ea7e890e7c,bc207c94-b0ae-4a32-88a0-22ccea5c5102,d73f1a03-54f9-4c3d-96b8-4eb3d094e024
70146ff4-d78f-469f-9d56-941406bc286b,9d3e592e-5fcb-410b-8309-79faf3d76ff1,17e64ec3-fd0a-4cdf-9a7c-ef4ca51835a0
70bd4ae6-5223-41c2-947f-af55f8f85557,4ca0b268-650f-4954-bca1-184bd82acecf,17e64ec3-fd0a-4cdf-9a7c-ef4ca51835a0
70de4fce-4ede-4bf9-8e66-2d7f6ab218e3,7c4bfb4a-a8b5-4d4e-9193-4ffab839c9a1,17e64ec3-fd0a-4cdf-9a7c-ef4ca51835a0
72ac2e2d-0842-4204-b7b4-e52b5242bd4f,048c89d1-91f8-45d3-aa4e-a20a09097079,813f93ca-dd8c-4b7b-8f82-6c8b71bdb340
75532461-94b4-46bb-8392-dbb253bb9671,7f49fe19-b9b4-42c5-94ca-638d01ed7faf,d73f1a03-54f9-4c3d-96b8-4eb3d094e024
76b60117-ef7f-46f5-8855-63615d139940,41975c48-9ea1-41ed-9705-c1bf2776d129,d73f1a03-54f9-4c3d-96b8-4eb3d094e024
77b37500-cd97-4215-b6f1-149a87e13e30,8104c91f-291b-4dd1-a405-bce0aafb2606,cf4f79ce-64ff-4f7e-8932-fac7158219a6
77e856f6-2c54-4d21-b88c-a3249c855e63,1a6d000c-7cfa-4089-9d51-c29f759f4b13,63a97128-5669-454d-8ff0-2b28f7b3f691
785d0676-5381-4b4d-850f-1662bcf7a4a1,39151b39-99ff-4427-9dd7-224d362619a4,566a9cde-42d1-45d3-b8c0-2a752c06e48b
78a820f9-ca1d-402a-bd89-59902b67659a,1754da4b-08f9-4ce8-b922-b71fb5539ed9,e15a3982-3e8a-456e-b92e-2d5786fdbe79
7931fb5c-c6b5-4c97-a5d2-16acc9e71d5f,74e5616c-4142-41f8-b183-4afce7d9fe13,63a97128-5669-454d-8ff0-2b28f7b3f691
79716a56-39ff-438d-8886-7d5813a60bda,9f545c9f-4101-4223-ae02-8f2b677dd35e,566a9cde-42d1-45d3-b8c0-2a752c06e48b
7ade3fa8-5967-470c-83c4-b9aefd32409b,ca578b24-0629-4fad-b8dc-99f3a85f4824,fab707a1-b32d-4fe6-8a91-e58e6a9147d6
7b1125c2-9c6c-44e3-b114-5a0fdeff9ee7,fa632ae8-d570-43c1-ac54-6df74e8592bf,d73f1a03-54f9-4c3d-96b8-4eb3d094e024
7c0ccfa2-3f93-44e3-8b13-8f34120c8283,f418af6e-e26f-4484-8a9b-29c41660ebce,566a9cde-42d1-45d3-b8c0-2a752c06e48b
7c81ae55-762c-4d1a-be10-2e2ab9c762b2,65edb57e-2a53-43ce-baa3-94825259edd7,63a97128-5669-454d-8ff0-2b28f7b3f691
7d39442f-ea40-49ee-97e8-f833c2c11fa7,27bfce13-f932-48a3-ae7c-367f598a07dc,cf4f79ce-64ff-4f7e-8932-fac7158219a6
7eccee9c-2932-4ed2-84b5-ac7b0f75798e,19456ff7-4189-48c0-9e42-cd3112246e8e,cf4f79ce-64ff-4f7e-8932-fac7158219a6
7f4abfac-e6db-493b-a646-5cadd39e46c9,d3df41da-d055-4607-8be0-3f0c9fe31e8d,813f93ca-dd8c-4b7b-8f82-6c8b71bdb340
7f645b36-6b15-4dbb-b0af-50216aeda06c,de7a3cfa-9b2c-4374-8541-7c863aaedceb,e3faf190-1c05-48dc-bf59-fe232592f0c6
7f988ee8-9c57-4fff-badc-75d86a0331ed,bfe2dd5a-060d-4fe1-87b4-df068efd6b6e,813f93ca-dd8c-4b7b-8f82-6c8b71bdb340
808c682a-20b2-47eb-9072-0c48184b7e6c,df173279-314d-4d54-a7a0-0b801d4fb468,e15a3982-3e8a-456e-b92e-2d5786fdbe79
8159af27-91ce-469d-b18f-138cbf49bf2e,b34f5ae9-d64f-4bbd-bdea-85b6de9c3245,e3faf190-1c05-48dc-bf59-fe232592f0c6
81f107a9-a0ee-454c-8110-b6d9a72e2807,c429a513-4c52-4451-a3cf-ed7c5e911dd6,fab707a1-b32d-4fe6-8a91-e58e6a9147d6
8276903c-7399-4595-b19e-edda4a0bbb6e,033f11f4-61bf-4570-98d8-6160eab212c4,fab707a1-b32d-4fe6-8a91-e58e6a9147d6
82881fd4-8d3f-4279-b505-602b9c1c7df8,309fd02f-d3cb-45e9-9c4f-b6e6e0c69fcb,d73f1a03-54f9-4c3d-96b8-4eb3d094e024
82b27eab-164e-4867-844d-f066883bbf32,95a6073e-3ed5-4617-991d-3cb18bf60006,63a97128-5669-454d-8ff0-2b28f7b3f691
8328b1fb-5779-4778-825b-fad40a749397,6a56b571-465e-47a6-aed2-f9eb8b6a9a13,17e64ec3-fd0a-4cdf-9a7c-ef4ca51835a0
83392e2b-a222-4862-bc5b-037d4c0b2bdb,c7453b4c-092d-44be-aeba-63a866f2bea9,cf4f79ce-64ff-4f7e-8932-fac7158219a6
83545b53-9fed-476f-a840-7822e387f9a8,39cc714c-6102-4926-9b6f-60e43496b646,1ad936a9-d769-4815-a351-79308ddbf460
83c5a421-33c8-4979-9647-5b67cc001494,a069eb66-b8fa-4a74-9bcd-f968dcadbf96,8ad83b04-db31-4eb2-bcf9-a0f2ca1c3758
83ea0ef9-245b-435f-82a7-c08343a16bb9,1c011459-e4ce-41f3-8fad-e4b8bcd7c87b,566a9cde-42d1-45d3-b8c0-2a752c06e48b
84c4219d-8cba-438a-8592-737dfe571620,920c13cf-19ac-4f3a-bf82-0457200ab879,1ad936a9-d769-4815-a351-79308ddbf460
85bde31d-e651-47ac-95ab-ade82e277617,b7f0a161-581e-4222-964e-c74c31f05e8b,e3faf190-1c05-48dc-bf59-fe232592f0c6
86886f47-08c7-4328-929b-6a5e8ab248d5,7f4b827f-9359-49ae-8447-0b215a2bbd86,63a97128-5669-454d-8ff0-2b28f7b3f691
86b826cf-0237-42ac-b1bd-deecc4ccd30a,c2375fdf-7d31-4868-aeac-79d1e292cebb,cf4f79ce-64ff-4f7e-8932-fac7158219a6
8753dbbb-d251-412a-ba66-b64c2438e518,2b2dae00-eb89-49a6-b076-c5ad71180b1e,813f93ca-dd8c-4b7b-8f82-6c8b71bdb340
877f3b96-48fc-479e-890e-83d1608e747a,04944dd4-8921-48cc-b5c2-3501a6dd1d2f,d73f1a03-54f9-4c3d-96b8-4eb3d094e024
89ffaf8b-554f-4064-b0ab-83f8d0bbd7d5,653b33fc-6913-4356-92aa-ecaff72b8b6a,566a9cde-42d1-45d3-b8c0-2a752c06e48b
8b241d36-32c4-4418-acac-bb72dcc5a9cd,41438dfc-8deb-4306-b848-f4f0b8310a8e,17e64ec3-fd0a-4cdf-9a7c-ef4ca51835a0
8c64cb98-25d9-45dc-b589-77b84e5aba9a,75e1a5bd-2a29-4a8b-b6e0-1ab19e756a7b,cf4f79ce-64ff-4f7e-8932-fac7158219a6
8f081a14-bcdf-4e1d-8e53-12138e5bc217,7bd5b25d-f1b1-4d02-b466-979ee3284365,566a9cde-42d1-45d3-b8c0-2a752c06e48b
8f7d5743-072f-4e32-8a86-e08764231dce,379b1d7b-7cdf-4d04-a921-e3a48e987567,e15a3982-3e8a-456e-b92e-2d5786fdbe79
90087285-04be-448c-8b57-6faa218f7701,c6aff65d-60ad-4222-866d-b15d90a9f35a,e3faf190-1c05-48dc-bf59-fe232592f0c6
90438d15-cb60-4117-a076-da57e764b98a,31cb7848-2fea-48cd-a33a-d1ce92df76e1,d73f1a03-54f9-4c3d-96b8-4eb3d094e024
91661067-66d3-42b7-a043-801b4c1378a3,c4be8d29-acca-4c73-a7dc-fa3aa9a8a5d5,63a97128-5669-454d-8ff0-2b28f7b3f691
93f34163-a478-4fa0-840c-006c79af4fee,ffad0b19-6d30-4924-8cec-89b460d514a9,1ad936a9-d769-4815-a351-79308ddbf460
960e6c97-88a6-4eaf-9753-95f0b4810e16,65792b50-4558-4850-b236-4db3eadd7af1,cf4f79ce-64ff-4f7e-8932-fac7158219a6
96b9e09e-c92c-4e32-ad3a-79f98e02dacd,82c9e0a2-3906-47b1-9f5e-4a33feefa1f8,d73f1a03-54f9-4c3d-96b8-4eb3d094e024
974645c7-874b-4d29-8c1f-cdeeb5661afc,238033f1-5ac1-412a-a116-3ad9ee31a7f3,e15a3982-3e8a-456e-b92e-2d5786fdbe79
9842537d-d3d5-4389-b9a7-cf09de33763d,0d3c432f-2256-4ee5-94bc-bfe31d0b5e7e,1ad936a9-d769-4815-a351-79308ddbf460
986725eb-b327-466e-aefc-2b7f66770022,9bfe3f2a-bcd9-4479-af91-d0f332b5d0d7,e15a3982-3e8a-456e-b92e-2d5786fdbe79
9957fc66-2694-4cd1-9e7b-52fed337dbb1,6044b797-7c61-44e9-aa8f-ac32c165f5d0,e3faf190-1c05-48dc-bf59-fe232592f0c6
9a0cd331-82bc-4b91-9b16-1c136ef05c84,1982e981-10a4-419a-bd5f-70df92f3a09c,566a9cde-42d1-45d3-b8c0-2a752c06e48b
9b0a0af6-cb43-4560-80f4-d87edfa306d1,5d176d2a-f88b-4d1f-80ce-89206096afce,e3faf190-1c05-48dc-bf59-fe232592f0c6
9cba8ebf-bcb1-4257-ba87-e64095d56aec,ffddf103-b10b-4436-8571-76b58622413b,d73f1a03-54f9-4c3d-96b8-4eb3d094e024
9d0433e8-6ba7-49e8-a52d-aef4f0472a86,ee1de936-c549-4d92-90d0-9bccfb97faf0,e15a3982-3e8a-456e-b92e-2d5786fdbe79
9da91f3a-d467-4c00-84ab-30a22d537150,8aa6c1bc-9537-4f51-a0e0-e7e6d6c33ca5,e15a3982-3e8a-456e-b92e-2d5786fdbe79
9ddf49b0-370c-4a9e-b6aa-8ed8f796829a,a238b1ae-b590-4bab-9ca1-08acd19a6e00,e15a3982-3e8a-456e-b92e-2d5786fdbe79
9e091383-394c-413f-afff-443eaddffbbb,ef46bc61-80de-4c77-a302-aaa2ee4188b9,566a9cde-42d1-45d3-b8c0-2a752c06e48b
9e843e7d-d210-42dd-bbdd-ce9917040b27,375007f5-4b58-4ff8-b5df-abd6ed6fed06,566a9cde-42d1-45d3-b8c0-2a752c06e48b
9eef2d4a-2077-4900-bcb0-7480144cbdb0,b6c3d920-a8be-409b-a433-bd068e488d0f,cf4f79ce-64ff-4f7e-8932-fac7158219a6
9f5a5d75-dd4d-4a3f-8e34-62be5dbb597c,81ab423f-5242-47ed-bdde-1710f898cf22,63a97128-5669-454d-8ff0-2b28f7b3f691
9f5d58db-6260-4b19-8645-f488b31ff278,442aadc0-e96a-474f-9f4d-c638c6ac12d9,17e64ec3-fd0a-4cdf-9a7c-ef4ca51835a0
9fadccdd-90fb-466a-aea1-d2313e232c48,a11f5135-8220-48cf-b86e-df7c4f95a7ae,8ad83b04-db31-4eb2-bcf9-a0f2ca1c3758
a21ebcec-58ca-4716-975f-7cb62d553a27,20f53d06-ea02-4191-85a0-e57c2aca14c3,17e64ec3-fd0a-4cdf-9a7c-ef4ca51835a0
a40203e8-c412-4f59-9749-8feede6aead3,47e9e7d9-2aeb-46c5-8d24-ae4aab78ad6f,e15a3982-3e8a-456e-b92e-2d5786fdbe79
a43cca51-504e-4cb0-8bc5-f869a245375e,0ee11860-9f08-4979-842d-44d0d9405279,17e64ec3-fd0a-4cdf-9a7c-ef4ca51835a0
a511aa42-b4be-4929-bc4b-6dc20fa195f0,cefa44c8-253d-4e8f-825e-382a8b5cd6d6,e3faf190-1c05-48dc-bf59-fe232592f0c6
a53d2032-60c3-4f47-801f-9ef17c8291b0,bdaaeecd-688d-4264-8039-db686edcff14,fab707a1-b32d-4fe6-8a91-e58e6a9147d6
a60b1f77-a12e-449e-8c09-376d7f5b374c,e47d10f0-5e91-4ed3-9ce1-e441f8d795a4,cf4f79ce-64ff-4f7e-8932-fac7158219a6
a6b40ed3-edd2-4bc1-b714-c6f01a8011b6,21fd7a37-4781-4707-b3bd-3a9761f22d7e,e3faf190-1c05-48dc-bf59-fe232592f0c6
a74ca8b3-1744-4d1b-817e-ab57ba068af7,3281bbb3-7658-4d0b-b172-94defc2a6a45,e3faf190-1c05-48dc-bf59-fe232592f0c6
a7ce9277-0c12-4a19-be04-115370db165b,3ff1c91e-c5b4-484e-a5dc-bfe53acbbd68,cf4f79ce-64ff-4f7e-8932-fac7158219a6
aa08c997-5f44-4a40-b441-37d3b91bfa99,58041b38-2a6e-4ae0-95cc-00eba3ebcc37,e3faf190-1c05-48dc-bf59-fe232592f0c6
aa23c775-bdc8-4e7a-8cbd-cc1f9b723b93,32b03835-d6ed-4cb4-bac8-7081f7f979a2,63a97128-5669-454d-8ff0-2b28f7b3f691
aa433898-0647-49de-8d05-66718ba765c2,61a6ed21-03e2-4c44-b7c1-64d40576a946,cf4f79ce-64ff-4f7e-8932-fac7158219a6
aa74f023-0a76-42ef-9666-d1651e43bb13,9632c977-4048-45a1-a820-c688c84f5208,17e64ec3-fd0a-4cdf-9a7c-ef4ca51835a0
ab17fa98-a5a5-4e50-85b5-6437329fcada,02c81cb0-2563-4ac1-95e7-2173d4c7a9da,1ad936a9-d769-4815-a351-79308ddbf460
abae469e-869f-48a6-adef-827b9929f6b5,6f8679fa-a146-43ab-9266-ce621ce66ec8,cf4f79ce-64ff-4f7e-8932-fac7158219a6
acc15750-045c-44e7-84a4-77d8677d53a0,48dad97d-be24-4aa7-8474-31c1a2417021,e3faf190-1c05-48dc-bf59-fe232592f0c6
af62433e-8113-4e89-b90b-ce1848beea60,ccff7fa9-479d-4fbb-ae9c-074e1943c0bd,17e64ec3-fd0a-4cdf-9a7c-ef4ca51835a0
affed307-b6d8-4248-9963-d3ab371059d7,6342fa05-4a1d-4b50-a54f-4a4fc277906e,813f93ca-dd8c-4b7b-8f82-6c8b71bdb340
b096eadd-8a4f-4b8e-8033-4fe053de57bc,726c23ee-052b-4d18-b3c4-eb813f37e595,d73f1a03-54f9-4c3d-96b8-4eb3d094e024
b0e9f9c5-b823-48b0-b1c2-8b18070fe888,80dbfd3e-1bd8-41b9-a88f-9fbc6bf97174,d73f1a03-54f9-4c3d-96b8-4eb3d094e024
b16d0b4b-a0de-40da-830a-df0bf452c14a,dd16fe3c-304f-4a42-a8e8-a3ae3edf6577,813f93ca-dd8c-4b7b-8f82-6c8b71bdb340
b2038a54-b2c6-43ca-b3e3-d1541d015088,0ea35274-023f-45f8-95e5-0b9a5a010cb4,d73f1a03-54f9-4c3d-96b8-4eb3d094e024
b227ad2a-ea78-4034-82b1-7333abc90fe9,09fab252-1e22-41f0-825f-3e787eb4badb,d73f1a03-54f9-4c3d-96b8-4eb3d094e024
b279b67b-3667-40d7-a3af-e464dd74eb59,7a257288-8eb5-4dc5-8da1-654e71d15674,fab707a1-b32d-4fe6-8a91-e58e6a9147d6
b28dfa0d-8200-4a84-ac37-866a66b3ced1,a671880c-356b-48d2-a690-915c079e8072,813f93ca-dd8c-4b7b-8f82-6c8b71bdb340
b31c7e15-a4f1-494e-a853-73680aaccc2e,6ef6692b-0033-4182-8bb1-3af63b415f5b,d73f1a03-54f9-4c3d-96b8-4eb3d094e024
b34c9064-2328-4a26-bcf7-afb6794f396b,471148e8-8a55-42d8-9e10-d01f46d0c5e5,1ad936a9-d769-4815-a351-79308ddbf460
b3760a67-020e-4489-ab3f-b4164c263af9,a41cc784-d89b-45bd-938a-54eab5950206,cf4f79ce-64ff-4f7e-8932-fac7158219a6
b3d4a5a9-22da-4587-87af-48e7d85a8ac9,5d1e71da-81cf-4ad2-a94f-589c24ef96ff,d73f1a03-54f9-4c3d-96b8-4eb3d094e024
b44e4f0e-c773-43d1-a708-0ffad18a104c,6e3b87ad-1592-449d-867f-b98d852bc103,e3faf190-1c05-48dc-bf59-fe232592f0c6
b4b902ce-a2c0-4fc7-8b93-8fa1f4a2bdad,8a9f95d4-4688-4ba9-a3f0-4432a1eece3a,cf4f79ce-64ff-4f7e-8932-fac7158219a6
b5e02f78-3a58-4f73-9b65-984cf94bd8ab,2efd04ef-14a9-4b94-b812-7b5020a0178f,e3faf190-1c05-48dc-bf59-fe232592f0c6
b8640eaa-28a4-4b7d-b54c-6917f41a2508,bf83e627-865c-4d19-ac58-cb86e366666d,17e64ec3-fd0a-4cdf-9a7c-ef4ca51835a0
b8ea852a-5d6e-4057-a924-7f408845358d,c45cccd7-d93c-46ae-8688-49ce55b84587,566a9cde-42d1-45d3-b8c0-2a752c06e48b
bab0796d-08d0-4278-be38-fe53bdc39e66,3a5e266f-c03e-40b7-863a-100a8df8575b,63a97128-5669-454d-8ff0-2b28f7b3f691
be94428e-41f4-4715-9352-6501da77a493,e4c26ea7-6e44-4adc-a93e-6ee105430918,566a9cde-42d1-45d3-b8c0-2a752c06e48b
bf0627c5-5666-4402-ae50-5e884fa3de9d,9fd1c267-ffcc-41d1-a11f-1b32cbfa6c78,d73f1a03-54f9-4c3d-96b8-4eb3d094e024
c007df71-117b-4b2b-9127-1dff471b4e7c,c8df3bf8-8e79-4cc5-a759-060fd66de82d,1ad936a9-d769-4815-a351-79308ddbf460
c00f20bf-31c3-4eaa-8f92-87e551afac43,e1bbaa2e-5476-4da7-9e8e-629db0714fd5,63a97128-5669-454d-8ff0-2b28f7b3f691
c015fca6-f7da-4311-b42e-d40e7b856caf,8349364e-e7d3-4345-adbb-5e0c2b36cb02,d73f1a03-54f9-4c3d-96b8-4eb3d094e024
c02fbb33-1cfd-456e-90d9-8e6aee5ba19e,d21b3006-07f1-4e63-bfac-7f4675a008bf,e15a3982-3e8a-456e-b92e-2d5786fdbe79
c1520994-7812-408c-af0b-f60bbf4bb60c,4ab32937-e50e-4aac-a49a-65fad68dd4e6,17e64ec3-fd0a-4cdf-9a7c-ef4ca51835a0
c15b48d7-02da-46c7-b807-45f872b8a624,f756e82a-b3e9-4865-b11b-2c6cf9419469,17e64ec3-fd0a-4cdf-9a7c-ef4ca51835a0
c1e171dc-d0de-4abd-a99d-4d43dad2527e,ae80b410-27e2-43c0-89fe-07907e369e92,fab707a1-b32d-4fe6-8a91-e58e6a9147d6
c2548a8c-1613-4914-915d-cd03cc9f6c92,263048dc-d198-41f4-8a7d-2c4d06e3d72a,e3faf190-1c05-48dc-bf59-fe232592f0c6
c5a9a86f-7e5f-4fac-910d-3cb816738756,eed87d6a-3d83-4604-a9cc-0daa83f87a6c,e3faf190-1c05-48dc-bf59-fe232592f0c6
c60efe57-5710-400d-b442-44d009d94ca2,21e81ffc-e1bb-4f5f-b575-f26703781295,1ad936a9-d769-4815-a351-79308ddbf460
c68ff8fd-ab74-4f00-a6b9-3a5c1e5a92e0,eebca935-797c-4c83-88bc-23eb9f3d2973,e15a3982-3e8a-456e-b92e-2d5786fdbe79
c699b325-061e-4017-8aa4-5ebf8da89bd1,16ff6483-bb69-44cf-a490-41b631ff12c6,cf4f79ce-64ff-4f7e-8932-fac7158219a6
c718ab5e-940e-4228-91ae-ac379b35d763,525e36ca-449d-4111-bf46-97bcf707c13f,cf4f79ce-64ff-4f7e-8932-fac7158219a6
c77b3dfa-a154-438e-b3c1-bab9dd5affdc,97a3eeef-75d9-4354-bd7b-aa7983275a0f,d73f1a03-54f9-4c3d-96b8-4eb3d094e024
c9e91c04-e880-4392-9ada-0e28cbad3d21,e5de5ca0-da46-415b-9b9c-da0f942d53ff,63a97128-5669-454d-8ff0-2b28f7b3f691
c9f066a6-e662-4833-9a66-d7e4273afdb7,4af9f053-8215-4283-ad14-ad72f075b1d1,e15a3982-3e8a-456e-b92e-2d5786fdbe79
ca362597-443d-4b4d-935b-11a66619ee95,9cda4bfe-779f-41cd-89da-9ee95e7369dd,1ad936a9-d769-4815-a351-79308ddbf460
cce73e18-f103-48aa-a940-116a7a7914c9,2f70020e-12b1-470e-8322-ae493398541d,e3faf190-1c05-48dc-bf59-fe232592f0c6
cd129def-97c0-4be7-a682-b96fa7688d88,4517a7c3-df67-4f9a-8f3f-5d17dd726fbd,d73f1a03-54f9-4c3d-96b8-4eb3d094e024
cdbce144-24b7-481e-b889-4bc55c23e264,04729b6a-fef3-45a3-8d4c-8d3dfe848576,d73f1a03-54f9-4c3d-96b8-4eb3d094e024
ce3ba63d-9b6e-4db2-98c0-8c8b8a4d51a9,dbd7456a-212c-42ac-ac76-e71fc9cf2b61,63a97128-5669-454d-8ff0-2b28f7b3f691
ce570fe3-6450-4869-ab86-6fcc21438efb,18a0195f-7d0f-4f56-9307-523ddcabf2f8,63a97128-5669-454d-8ff0-2b28f7b3f691
d04ed014-6e5c-4c06-a56d-1a5e80a933d0,17533177-bd0d-4896-8890-37ecc1db1484,e15a3982-3e8a-456e-b92e-2d5786fdbe79
d0549f08-3a83-4eff-bfe5-0e7f38d4aff3,009804ca-62f9-4426-9a6c-52e02ec38675,e3faf190-1c05-48dc-bf59-fe232592f0c6
d41aaf25-a82e-405b-ad76-0d2d3294cfc2,18ebf3c4-1720-4d0d-bb26-6ceed733bbcd,63a97128-5669-454d-8ff0-2b28f7b3f691
d4eaa601-8990-4a32-91e4-cf8756ec56b2,595389b2-fec0-490a-8f2b-28c11ae991eb,17e64ec3-fd0a-4cdf-9a7c-ef4ca51835a0
d647b8e5-04a1-4889-bd6d-b268b01ff1b3,ecfc645d-c8be-4f8a-aa56-b26cf6bcab6b,63a97128-5669-454d-8ff0-2b28f7b3f691
d7799277-3f59-4c94-bcb7-d10e2e28b9a1,ea5f2663-d9d4-4254-9b0f-31e7f0b4eaee,566a9cde-42d1-45d3-b8c0-2a752c06e48b
d77e45df-9159-4393-8e46-3981971d4aae,256a9fbd-6249-4031-a825-c52739ae1671,e3faf190-1c05-48dc-bf59-fe232592f0c6
d8697d95-4d59-4f9d-b870-8800586e2d31,c184c2db-7640-4af8-b58c-3fe0c07464c4,fab707a1-b32d-4fe6-8a91-e58e6a9147d6
d92063b5-6cec-45ab-8a1f-06e7e0bd3ff3,4a30bcdf-08d2-415e-a465-d37151ac65e7,e15a3982-3e8a-456e-b92e-2d5786fdbe79
d9aa7e0d-40e6-44e6-9b3e-0947dfe50d22,9394db4a-7f45-4fba-8151-b9c1c4896d38,813f93ca-dd8c-4b7b-8f82-6c8b71bdb340
d9c38f43-5aec-43be-a6a8-7ed82ba90386,bf6001f6-e8d3-447d-8866-bb81f49600b4,e15a3982-3e8a-456e-b92e-2d5786fdbe79
daae1c03-898f-4980-b71b-c59f44cd2b9c,27230206-9fad-42a3-948b-b51319933169,17e64ec3-fd0a-4cdf-9a7c-ef4ca51835a0
db319680-e6d7-434e-bd04-a8350bcfd3c8,bbb5fb6a-f346-4100-a7da-3bd33ee73ff7,17e64ec3-fd0a-4cdf-9a7c-ef4ca51835a0
db3700d8-07d6-4af6-80fc-662e18598158,819fee61-339b-43a4-8de7-ce7104aad303,566a9cde-42d1-45d3-b8c0-2a752c06e48b
dbe58afc-f70e-468a-8426-d7d5b70c70b0,ef299e33-69a6-40fd-92d0-12147fb1e93a,cf4f79ce-64ff-4f7e-8932-fac7158219a6
dd2bfb2b-8212-45cd-adb2-b644ba87efb0,c18ce637-d93a-492c-b13d-50a24911573c,566a9cde-42d1-45d3-b8c0-2a752c06e48b
de1daa92-0216-4143-b571-545aac80cc29,b6702a88-9d06-4b0c-b876-5bcb50b66104,566a9cde-42d1-45d3-b8c0-2a752c06e48b
e0264153-0dc1-4200-9c8c-641f86a630e9,599f3974-e5b9-402a-be98-2abd5c9d5472,813f93ca-dd8c-4b7b-8f82-6c8b71bdb340
e086c9d0-3fe2-42bb-8186-36b887f77d0c,8f12a60a-ebfa-472b-979f-423b359bacb6,17e64ec3-fd0a-4cdf-9a7c-ef4ca51835a0
e09f2e90-afbc-4d54-9a37-76dc8fc6900e,b2a35786-cc13-468e-83bd-d0b64dfbf0e1,e15a3982-3e8a-456e-b92e-2d5786fdbe79
e3253778-3e08-4eef-8cc2-953e863f0945,5ca4740b-d50f-48f8-b341-b6530cb38388,d73f1a03-54f9-4c3d-96b8-4eb3d094e024
e3f95020-cb62-4f4b-97d9-00a1df3cd938,799d8763-7d86-4fd7-82a6-ac48cc27c381,8ad83b04-db31-4eb2-bcf9-a0f2ca1c3758
e401df67-78a0-4ad1-afd4-2eed802604d8,0b717bbd-feae-4699-970c-dd1b71adf7ea,566a9cde-42d1-45d3-b8c0-2a752c06e48b
e41f2aca-4430-4836-9d46-544111ce5c2b,d4c0139c-da99-48be-a30f-20e4eb63aa4c,566a9cde-42d1-45d3-b8c0-2a752c06e48b
e4c629aa-6a39-4466-8733-856919fe3a0c,f947b417-d6c9-4c8c-87b4-b568bc7e65cb,813f93ca-dd8c-4b7b-8f82-6c8b71bdb340
e4e35887-e66d-4ca9-83d6-c985e72b3bbf,d78a60fd-e8da-4408-9b72-0e0673c8fe74,e15a3982-3e8a-456e-b92e-2d5786fdbe79
e5cddc79-6f7f-4cd2-95f5-6b83e43da98e,3cdc9a74-ea91-4590-8986-d7265a252010,cf4f79ce-64ff-4f7e-8932-fac7158219a6
e700a43d-a97a-4f4d-a68a-aaf9b487ef85,3e209eb2-8e4a-4954-824e-b330a2c6cb9d,d73f1a03-54f9-4c3d-96b8-4eb3d094e024
e9213451-a80a-4622-a517-59beee5d933e,2f82e7db-6353-4cac-b9cc-312c36f90d25,566a9cde-42d1-45d3-b8c0-2a752c06e48b
ea6e93c4-c542-4c19-ab1f-8289414064b7,c1d486bf-6ee1-4535-b769-07e539f14dc2,17e64ec3-fd0a-4cdf-9a7c-ef4ca51835a0
eaed9609-e0a9-41af-8cfc-388fda37daa4,dfd6b111-12cc-4082-adbf-8b85c163f398,813f93ca-dd8c-4b7b-8f82-6c8b71bdb340
eb0ba5c7-15b6-439d-9cc6-0c056f797a1e,4d7bea28-8640-4178-8ad3-885ef6dc90c8,cf4f79ce-64ff-4f7e-8932-fac7158219a6
eb1e0aa2-63f6-49d5-ae25-5e7010ae8515,a7765b63-2e24-4645-b7d3-a8f580a78e2b,e15a3982-3e8a-456e-b92e-2d5786fdbe79
eb547e85-ccf2-43eb-bcc5-c4da4f1c7790,f184ca7b-8021-4904-9210-fccaf8cf172c,1ad936a9-d769-4815-a351-79308ddbf460
ebaab521-4484-49b8-8eeb-91c3e1a16a6e,983a0018-6c5f-478f-89c0-fda4d5957671,e3faf190-1c05-48dc-bf59-fe232592f0c6
ec21139d-83c3-4ced-9b4f-278d9a6d338e,616b8370-e023-43fc-ae57-5dfafa9687e6,1ad936a9-d769-4815-a351-79308ddbf460
ec21cce2-67c9-4e02-b006-a6eb0329addb,01264c07-f2ff-43b4-8f1e-8abc06f77f3c,e3faf190-1c05-48dc-bf59-fe232592f0c6
ed220cb3-bc82-437c-a5a6-344a0f44f7ae,170439a2-3722-405d-843d-3818014bf8a3,d73f1a03-54f9-4c3d-96b8-4eb3d094e024
ed4d6fc3-b55a-49b2-a6a3-e681887b3800,ec288585-7cc3-4cc9-80e8-796defddd84b,cf4f79ce-64ff-4f7e-8932-fac7158219a6
ee4dea77-eb4f-4b7b-bc96-a1b1c9c4f109,2a1bd2dd-7f97-4edc-830a-f23f3027c168,17e64ec3-fd0a-4cdf-9a7c-ef4ca51835a0
eec4c551-ce10-4093-96eb-5985f09ea09d,d3a96b25-096a-4295-af48-6164324796d1,cf4f79ce-64ff-4f7e-8932-fac7158219a6
f0558c89-3b5f-4947-bd45-0ff05b2d9933,8ad2ba09-5d00-438b-a6cb-c16447677fe2,17e64ec3-fd0a-4cdf-9a7c-ef4ca51835a0
f0685fff-8a36-4caf-b18e-f1a4759db921,60510da4-8f40-43e7-b372-e50f6e9d5e4f,fab707a1-b32d-4fe6-8a91-e58e6a9147d6
f0e0c3dc-048c-480e-bfcb-22eb26b3f40a,dc76e44d-c18e-4b96-9397-f90c88d33dcf,fab707a1-b32d-4fe6-8a91-e58e6a9147d6
f180a905-c144-4abd-a519-db32e98b57ed,f68b07e9-e72d-4a41-b056-beff93d8216b,63a97128-5669-454d-8ff0-2b28f7b3f691
f1dac09c-5ece-4569-b946-ed51dd6a121f,96ba4f6b-531d-422c-99e5-e61917b1f662,813f93ca-dd8c-4b7b-8f82-6c8b71bdb340
f1deaea1-abdf-4f14-931b-c73556023b1e,064c00c9-602b-4147-9880-2dadc79e9bd1,d73f1a03-54f9-4c3d-96b8-4eb3d094e024
f3252fcf-39c2-427c-b486-c10022f9dea4,82548570-a8c5-4423-9626-6957f5061093,e15a3982-3e8a-456e-b92e-2d5786fdbe79
f4236192-404c-4a6b-a33d-599121cd4383,447a4d18-453b-48a5-8a62-c858a79df1d8,e3faf190-1c05-48dc-bf59-fe232592f0c6
f46b6a68-25eb-431d-b275-c50cf33143de,d077be88-afb7-48f8-8089-bece44e0e904,e3faf190-1c05-48dc-bf59-fe232592f0c6
f7de031d-52dc-4e39-8482-e0d93bad1ebf,13e14ae5-ac1c-49c9-8d4f-6cbdc4e5fa41,17e64ec3-fd0a-4cdf-9a7c-ef4ca51835a0
f8bf25f0-73d6-4b79-a9bd-0f1a412c9447,dea7bbfc-c7a8-46ee-b55e-fde672d4ea45,17e64ec3-fd0a-4cdf-9a7c-ef4ca51835a0
f9e4acd4-3437-4dd5-8fde-0714866825ba,c5c232b0-10a0-4054-81ef-a74e12263611,cf4f79ce-64ff-4f7e-8932-fac7158219a6
f9e6dab7-5d66-4b12-8cb2-3bb6bf2481c9,fafd2116-911e-45ab-a566-27c7022e6e0c,63a97128-5669-454d-8ff0-2b28f7b3f691
fa37b63e-72c2-42d0-9456-5f8eebe15031,67146945-b158-4ce9-8126-2455d160f92e,e3faf190-1c05-48dc-bf59-fe232592f0c6
fa42538c-ab67-4ba2-9e5b-4e7a2432b9f8,10543ad5-5e44-41ec-b260-c3aff98a59c5,813f93ca-dd8c-4b7b-8f82-6c8b71bdb340
fa97d070-6251-433b-a606-eccfad50667e,2acf9d07-ed60-4281-939b-59466aef604f,e15a3982-3e8a-456e-b92e-2d5786fdbe79
fbae4d87-20c1-45b2-b232-d5a446a50269,ea2d4f59-6b96-40ae-ac60-3afcd02cc020,d73f1a03-54f9-4c3d-96b8-4eb3d094e024
fc243f70-d341-41dd-ad6c-bc19317bc21b,8b99a44f-2ee7-452a-9d60-fe9e3b71f6cb,566a9cde-42d1-45d3-b8c0-2a752c06e48b
fc33be3a-60ef-4ef7-9f1b-b51e36622fad,c483dc4e-4fca-447d-85f1-f9f1d31f9e3c,d73f1a03-54f9-4c3d-96b8-4eb3d094e024
fcdbe993-0afe-41ae-ba48-63a0d27d8679,d62a1559-e4ed-4a2b-b034-6e7f03f4168e,17e64ec3-fd0a-4cdf-9a7c-ef4ca51835a0
ff910755-79b8-4432-9f53-1900662bfaac,7afec4f2-117f-481a-9e67-eb7b8a68ffb1,63a97128-5669-454d-8ff0-2b28f7b3f691