id,name,year_level,student_email,parent_name,parent_email,parent_mobile,opted_out_of_catering
009804ca-62f9-4426-9a6c-52e02ec38675,Henry Cook,11,henrycook@chac.qld.edu.au,Matthew Cook,matthewcook@gmail.com,0465 886 797,false
00ff5370-acd3-46b6-97d2-df38ff091602,Alexander Johnson,11,alexanderjohnson@eq.edu.au,Alexander Johnson,alexanderjohnson@hotmail.com,0423 836 555,false
01264c07-f2ff-43b4-8f1e-8abc06f77f3c,Annabelle Phillips,11,annabellephillips@chac.qld.edu.au,Lucas Phillips,lucasphillips@yahoo.com,0460 878 654,false
01768c15-7b9e-4464-a8c7-93e0c099a5db,Georgia Campbell,12,georgiacampbell@eq.edu.au,Cooper Campbell,coopercampbell@hotmail.com,0447 047 122,false
02c81cb0-2563-4ac1-95e7-2173d4c7a9da,Noah Hall,10,noahhall@gmail.com,Toby Hall,tobyhall@yahoo.com,0473 831 678,false
033f11f4-61bf-4570-98d8-6160eab212c4,Benjamin Johnson,12,benjaminjohnson@mbbc.qld.edu.au,Aria Johnson,ariajohnson@hotmail.com,0450 608 658,false
0460e878-d577-4f3d-81da-da105572d539,Nathan Baker,12,nathanbaker@chac.qld.edu.au,Max Baker,maxbaker@icloud.com,0458 661 905,false
04729b6a-fef3-45a3-8d4c-8d3dfe848576,Jack Carter,11,jackcarter@eq.edu.au,Eleanor Carter,eleanorcarter@icloud.com,0470 299 070,false
048c89d1-91f8-45d3-aa4e-a20a09097079,Matilda Turner,11,matildaturner@loreto.qld.edu.au,Phoebe Turner,phoebeturner@yahoo.com,0467 957 174,false
04944dd4-8921-48cc-b5c2-3501a6dd1d2f,Leo Nelson,12,leonelson@gmail.com,Spencer Nelson,spencernelson@outlook.com,0440 299 372,false
0507a7be-5c11-4942-8d1c-a8b8b63b114a,Phoebe Jones,10,phoebejones@eq.edu.au,Hazel Jones,hazeljones@icloud.com,0487 095 389,false
05cb50c2-7a8f-46ef-8906-711f8e153758,Henry Hill,11,henryhill@mbbc.qld.edu.au,Ryan Hill,ryanhill@iinet.net.au,0478 813 748,false
064c00c9-602b-4147-9880-2dadc79e9bd1,Imogen Evans,12,imogenevans@eq.edu.au,Cooper Evans,cooperevans@live.com,0405 216 478,false
0785126b-c15a-4657-9a0c-4934fd242d03,Rose Smith,10,rosesmith@eq.edu.au,Daniel Smith,danielsmith@outlook.com,0458 212 605,false
09fab252-1e22-41f0-825f-3e787eb4badb,Ray Wu,11,raywu@eq.edu.au,Brandon Wu,brandonwu@gmail.com,0413 233 737,false
0b717bbd-feae-4699-970c-dd1b71adf7ea,Sara Abdallah,10,saraabdallah@gmail.com,Samir Abdallah,samirabdallah@live.com,0411 229 871,false
0c1f9e58-d589-4d1e-8b23-de2083324ca1,Hao Hu,11,haohu@student.jpc.qld.edu.au,Hong Hu,honghu@yahoo.com,0437 274 981,false
0d3c432f-2256-4ee5-94bc-bfe31d0b5e7e,Penelope Harris,10,penelopeharris@chac.qld.edu.au,Rose Harris,roseharris@iinet.net.au,0466 467 645,false
0ea35274-023f-45f8-95e5-0b9a5a010cb4,Evie Wright,10,eviewright@eq.edu.au,Harper Wright,harperwright@iinet.net.au,0426 713 347,false
0ee11860-9f08-4979-842d-44d0d9405279,Edward Campbell,10,edwardcampbell@eq.edu.au,Archie Campbell,archiecampbell@gmail.com,0440 783 880,false
0f881966-5d18-4751-9eba-a8fe1aa04be9,Harper Scott,9,harperscott@hotmail.com,Zachary Scott,zacharyscott@live.com,0448 122 078,false
10543ad5-5e44-41ec-b260-c3aff98a59c5,Blake King,11,blakeking@loreto.qld.edu.au,Samuel King,samuelking@hotmail.com,0406 195 518,false
114a3a51-c12a-4cca-95ff-ea6518880f7a,Noah Hall,10,noahhall@eq.edu.au,Charlotte Hall,charlottehall@hotmail.com,0415 140 048,false
11feb935-c0e3-4ff4-a399-9f8154cc0019,Joshua Harris,9,joshuaharris@eq.edu.au,Chloe Harris,chloeharris@gmail.com,0476 405 377,false
13e14ae5-ac1c-49c9-8d4f-6cbdc4e5fa41,Ella Green,11,ellagreen@eq.edu.au,Daniel Green,danielgreen@icloud.com,0445 210 309,false
145512d8-8924-4113-8d23-978af22ef3ad,William Williams,11,williamwilliams@gmail.com,Matilda Williams,matildawilliams@icloud.com,0451 847 999,false
15e0f1df-7065-47f1-9cb3-fcf4bd9a134c,Nathan Robinson,9,nathanrobinson@student.jpc.qld.edu.au,Tahlia Robinson,tahliarobinson@iinet.net.au,0471 594 737,false
15e7e7a0-078b-4665-87f0-7bfce20cfdef,Patrick Turner,11,patrickturner@mbbc.qld.edu.au,Connor Turner,connorturner@yahoo.com,0478 031 639,false
16b07c1f-9300-42a4-9889-2b00660cc222,Hayden King,11,haydenking@eq.edu.au,Willow King,willowking@yahoo.com,0457 892 608,false
16c47950-da47-4ed3-b94e-8e3c4f9b05e5,Sienna Walker,11,siennawalker@chac.qld.edu.au,Imogen Walker,imogenwalker@hotmail.com,0431 065 960,false
16ff6483-bb69-44cf-a490-41b631ff12c6,Ray Huang,11,rayhuang@student.jpc.qld.edu.au,Andy Huang,andyhuang@iinet.net.au,0414 019 873,false
170439a2-3722-405d-843d-3818014bf8a3,Hudson Williams,9,hudsonwilliams@eq.edu.au,Penelope Williams,penelopewilliams@live.com,0461 115 647,false
17533177-bd0d-4896-8890-37ecc1db1484,Bo Feng,12,bofeng@loreto.qld.edu.au,Cindy Feng,cindyfeng@icloud.com,0469 065 103,false
1754da4b-08f9-4ce8-b922-b71fb5539ed9,Liam Johnson,12,liamjohnson@loreto.qld.edu.au,Sophia Johnson,sophiajohnson@hotmail.com,0483 369 912,false
18a0195f-7d0f-4f56-9307-523ddcabf2f8,Amelia Thompson,12,ameliathompson@student.jpc.qld.edu.au,Noah Thompson,noahthompson@iinet.net.au,0449 811 807,false
18ebf3c4-1720-4d0d-bb26-6ceed733bbcd,Michelle Tang,11,michelletang@student.jpc.qld.edu.au,Wendy Tang,wendytang@gmail.com,0465 234 946,false
1903954d-9bf8-4444-9174-b0517379efe4,Holly Wilson,12,hollywilson@loreto.qld.edu.au,Patrick Wilson,patrickwilson@icloud.com,0463 016 480,false
19456ff7-4189-48c0-9e42-cd3112246e8e,Grace Murphy,12,gracemurphy@student.jpc.qld.edu.au,Sienna Murphy,siennamurphy@yahoo.com,0458 535 928,false
1982e981-10a4-419a-bd5f-70df92f3a09c,Aria Lewis,12,arialewis@eq.edu.au,Sophie Lewis,sophielewis@icloud.com,0410 983 594,false
1a477913-8019-48df-bf64-29628e64174c,Harper Hill,12,harperhill@gmail.com,Sophie Hill,sophiehill@gmail.com,0451 635 682,false
1a6d000c-7cfa-4089-9d51-c29f759f4b13,Ruby Campbell,9,rubycampbell@student.jpc.qld.edu.au,Sienna Campbell,siennacampbell@bigpond.com,0428 296 162,false
1aa34c49-16d3-4a2d-858d-d92399d2c987,Vivian Deng,10,viviandeng@student.jpc.qld.edu.au,Tiffany Deng,tiffanydeng@bigpond.com,0437 635 338,false
1b3244a7-7ced-4427-945e-700f18a73d66,Pooja Gupta,10,poojagupta@chac.qld.edu.au,Tanvi Gupta,tanvigupta@iinet.net.au,0404 531 629,false
1c011459-e4ce-41f3-8fad-e4b8bcd7c87b,Harper Baker,11,harperbaker@gmail.com,William Baker,williambaker@live.com,0419 595 024,false
1cacd825-c0bb-470c-8836-b61f23d37385,Amelia Turner,11,ameliaturner@chac.qld.edu.au,Lucas Turner,lucasturner@hotmail.com,0433 067 275,false
1edf3089-b187-4f05-a653-1fef17453a59,Imogen Evans,12,imogenevans@loreto.qld.edu.au,Toby Evans,tobyevans@outlook.com,0417 757 519,false
1fe05fe0-55e0-4d7f-9b88-e92a24a9f907,Charlie Turner,9,charlieturner@gmail.com,Scarlett Turner,scarlettturner@icloud.com,0402 183 411,false
200ec8e9-7c45-4db1-b9e9-4ac60aee6c94,Mia Cook,12,miacook@eq.edu.au,Hazel Cook,hazelcook@bigpond.com,0411 952 891,false
20f53d06-ea02-4191-85a0-e57c2aca14c3,Zoe Turner,12,zoeturner@eq.edu.au,Matthew Turner,matthewturner@iinet.net.au,0488 138 468,false
21e81ffc-e1bb-4f5f-b575-f26703781295,Rose Wright,12,rosewright@chac.qld.edu.au,Chloe Wright,chloewright@gmail.com,0468 920 777,false
21fd7a37-4781-4707-b3bd-3a9761f22d7e,Chloe Young,11,chloeyoung@chac.qld.edu.au,Henry Young,henryyoung@gmail.com,0411 366 078,false
238033f1-5ac1-412a-a116-3ad9ee31a7f3,Penelope Lewis,12,penelopelewis@loreto.qld.edu.au,Max Lewis,maxlewis@yahoo.com,0480 699 081,false
256a9fbd-6249-4031-a825-c52739ae1671,Pippa Edwards,11,pippaedwards@chac.qld.edu.au,Tahlia Edwards,tahliaedwards@iinet.net.au,0471 032 193,false
263048dc-d198-41f4-8a7d-2c4d06e3d72a,Olivia Scott,11,oliviascott@chac.qld.edu.au,Oliver Scott,oliverscott@bigpond.com,0409 356 091,false
27230206-9fad-42a3-948b-b51319933169,Harvey Martin,12,harveymartin@eq.edu.au,Hannah Martin,hannahmartin@live.com,0454 674 181,false
27bfce13-f932-48a3-ae7c-367f598a07dc,Aria Morris,9,ariamorris@gmail.com,Mia Morris,miamorris@hotmail.com,0403 768 162,false
2a1bd2dd-7f97-4edc-830a-f23f3027c168,Zachary Hill,12,zacharyhill@eq.edu.au,Frankie Hill,frankiehill@gmail.com,0402 494 369,false
2acf9d07-ed60-4281-939b-59466aef604f,Lily Wilson,11,lilywilson@loreto.qld.edu.au,Evie Wilson,eviewilson@bigpond.com,0417 342 220,false
2b2dae00-eb89-49a6-b076-c5ad71180b1e,Willow Turner,12,willowturner@loreto.qld.edu.au,Eleanor Turner,eleanorturner@live.com,0400 965 254,false
2c4395b8-abc6-49ca-838e-5376a9547c49,Audrey Cook,10,audreycook@loreto.qld.edu.au,Samuel Cook,samuelcook@live.com,0406 889 371,false
2e0559d1-cadb-496b-8381-b86fac246938,Matthew Mitchell,11,matthewmitchell@chac.qld.edu.au,James Mitchell,jamesmitchell@bigpond.com,0432 800 681,false
2efd04ef-14a9-4b94-b812-7b5020a0178f,Xin Sun,11,xinsun@chac.qld.edu.au,Long Sun,longsun@gmail.com,0473 403 900,false
2f70020e-12b1-470e-8322-ae493398541d,Harvey King,12,harveyking@chac.qld.edu.au,Sophie King,sophieking@gmail.com,0409 388 814,false
2f82e7db-6353-4cac-b9cc-312c36f90d25,Sophia Cook,9,sophiacook@eq.edu.au,Emily Cook,emilycook@hotmail.com,0463 966 532,false
301b06fe-3d5e-4bf0-861e-a9a8e3ec524e,Mia Campbell,9,miacampbell@gmail.com,Alexander Campbell,alexandercampbell@bigpond.com,0457 178 845,false
309fd02f-d3cb-45e9-9c4f-b6e6e0c69fcb,Sophie Turner,11,sophieturner@eq.edu.au,Mia Turner,miaturner@gmail.com,0453 577 368,false
31a4dec4-33fd-4862-af47-e528d56076ec,Hudson Mitchell,12,hudsonmitchell@chac.qld.edu.au,Harper Mitchell,harpermitchell@gmail.com,0421 816 019,false
31cb7848-2fea-48cd-a33a-d1ce92df76e1,Toby Nelson,12,tobynelson@eq.edu.au,Harvey Nelson,harveynelson@live.com,0469 235 841,false
3281bbb3-7658-4d0b-b172-94defc2a6a45,Daniel Baker,12,danielbaker@chac.qld.edu.au,Liam Baker,liambaker@outlook.com,0411 212 549,false
32b03835-d6ed-4cb4-bac8-7081f7f979a2,Madison Roberts,10,madisonroberts@student.jpc.qld.edu.au,Charlotte Roberts,charlotteroberts@bigpond.com,0467 115 657,false
332230bc-8da9-4204-8ce7-17fbe356d4ab,Georgia Clark,11,georgiaclark@student.jpc.qld.edu.au,Emily Clark,emilyclark@live.com,0439 400 930,false
375007f5-4b58-4ff8-b5df-abd6ed6fed06,Kevin Ma,10,kevinma@eq.edu.au,Zhi Ma,zhima@yahoo.com,0421 749 764,false
377677b8-ea6a-44df-a63a-89f56ff38610,Nancy Feng,9,nancyfeng@eq.edu.au,Na Feng,nafeng@yahoo.com,0434 100 721,false
378092a2-0d5c-45ea-88fa-acfc50676ed5,Thomas Williams,9,thomaswilliams@gmail.com,Frankie Williams,frankiewilliams@outlook.com,0464 344 649,false
379b1d7b-7cdf-4d04-a921-e3a48e987567,Patrick Brown,10,patrickbrown@loreto.qld.edu.au,Leo Brown,leobrown@outlook.com,0464 214 700,false
38ac86c7-a923-47ac-a73c-7e6edb8f9c41,Harper Green,12,harpergreen@loreto.qld.edu.au,Henry Green,henrygreen@live.com,0437 680 724,false
39151b39-99ff-4427-9dd7-224d362619a4,Phoebe Harris,9,phoebeharris@eq.edu.au,Hudson Harris,hudsonharris@gmail.com,0415 285 648,false
39cc714c-6102-4926-9b6f-60e43496b646,Levi Morris,12,levimorris@chac.qld.edu.au,Cooper Morris,coopermorris@live.com,0439 770 274,false
3a5e266f-c03e-40b7-863a-100a8df8575b,Benjamin Wilson,12,benjaminwilson@student.jpc.qld.edu.au,Aria Wilson,ariawilson@live.com,0458 480 893,false
3b6206c9-f891-4f1c-808c-c787920ccda1,Liam Robinson,9,liamrobinson@student.jpc.qld.edu.au,Zoe Robinson,zoerobinson@bigpond.com,0476 386 407,false
3cc268dd-096a-4f50-96d3-22a509097bed,Amelia Young,11,ameliayoung@chac.qld.edu.au,Connor Young,connoryoung@gmail.com,0465 811 441,false
3cdc9a74-ea91-4590-8986-d7265a252010,Evie Carter,12,eviecarter@student.jpc.qld.edu.au,Pippa Carter,pippacarter@icloud.com,0404 728 342,false
3d0f468a-6b97-4773-ae56-c53f048b9173,Camila Martinez,10,camilamartinez@chac.qld.edu.au,Ximena Martinez,ximenamartinez@iinet.net.au,0424 748 726,false
3e209eb2-8e4a-4954-824e-b330a2c6cb9d,Benjamin Wilson,12,benjaminwilson@eq.edu.au,William Wilson,williamwilson@gmail.com,0471 600 784,false
3f41c0ff-d66c-4e0a-b1fe-9afe8c34125c,Daniel Wilson,10,danielwilson@chac.qld.edu.au,Sophia Wilson,sophiawilson@iinet.net.au,0443 750 755,false
3ff1c91e-c5b4-484e-a5dc-bfe53acbbd68,Hannah White,10,hannahwhite@gmail.com,Tahlia White,tahliawhite@gmail.com,0444 957 430,false
41438dfc-8deb-4306-b848-f4f0b8310a8e,Zoe Johnson,12,zoejohnson@eq.edu.au,Cooper Johnson,cooperjohnson@iinet.net.au,0472 673 687,false
416afd64-94ff-4bba-8f79-cbefe1edc794,Hudson Clark,12,hudsonclark@eq.edu.au,Lily Clark,lilyclark@iinet.net.au,0417 864 635,false
41975c48-9ea1-41ed-9705-c1bf2776d129,James Murphy,11,jamesmurphy@eq.edu.au,Sophie Murphy,sophiemurphy@outlook.com,0465 057 397,false
431bd9bc-f7a1-45a5-855c-25b79a0ff206,Levi Jones,10,levijones@eq.edu.au,Levi Jones,levijones@icloud.com,0422 712 209,false
43265a22-0a19-40b0-b708-73cf2cca8028,Blake Brown,11,blakebrown@mbbc.qld.edu.au,Emily Brown,emilybrown@bigpond.com,0408 079 888,false
442aadc0-e96a-474f-9f4d-c638c6ac12d9,Karan Iyer,12,karaniyer@eq.edu.au,Vikram Iyer,vikramiyer@hotmail.com,0452 167 556,false
447a4d18-453b-48a5-8a62-c858a79df1d8,Bailey King,12,baileyking@chac.qld.edu.au,Evie King,evieking@icloud.com,0415 472 611,false
4517a7c3-df67-4f9a-8f3f-5d17dd726fbd,Riley Clark,12,rileyclark@eq.edu.au,Penelope Clark,penelopeclark@iinet.net.au,0465 340 241,false
471148e8-8a55-42d8-9e10-d01f46d0c5e5,Olivia King,11,oliviaking@chac.qld.edu.au,Matilda King,matildaking@yahoo.com,0481 636 730,false
47e9e7d9-2aeb-46c5-8d24-ae4aab78ad6f,Charlotte Evans,11,charlotteevans@loreto.qld.edu.au,Imogen Evans,imogenevans@live.com,0418 911 262,false
47f8e057-53fa-4870-bea7-dc8a17513026,Bailey Morris,11,baileymorris@student.jpc.qld.edu.au,James Morris,jamesmorris@bigpond.com,0460 478 108,false
485ecba1-787e-4331-aaa7-e246f7206474,Zachary Anderson,12,zacharyanderson@mbbc.qld.edu.au,Patrick Anderson,patrickanderson@icloud.com,0444 934 947,false
48dad97d-be24-4aa7-8474-31c1a2417021,Riley Adams,11,rileyadams@chac.qld.edu.au,Rose Adams,roseadams@live.com,0428 903 252,false
4a30bcdf-08d2-415e-a465-d37151ac65e7,Sophia Murphy,12,sophiamurphy@loreto.qld.edu.au,Max Murphy,maxmurphy@bigpond.com,0465 290 977,false
4ab32937-e50e-4aac-a49a-65fad68dd4e6,Madison Campbell,10,madisoncampbell@eq.edu.au,Evie Campbell,eviecampbell@icloud.com,0414 335 773,false
4af9f053-8215-4283-ad14-ad72f075b1d1,Hannah Hall,11,hannahhall@loreto.qld.edu.au,Zachary Hall,zacharyhall@hotmail.com,0439 872 588,true
4b449f2a-f620-4729-974e-1a0953433cfa,Zachary Anderson,11,zacharyanderson@chac.qld.edu.au,Spencer Anderson,spenceranderson@yahoo.com,0455 722 477,false
4b7823a9-ab0a-4b29-9463-ad22bcf868de,Neha Iyer,12,nehaiyer@loreto.qld.edu.au,Myra Iyer,myraiyer@bigpond.com,0433 682 586,false
4c0fbbf1-5301-4289-9d7f-06ad471f1b62,Ruby Brown,12,rubybrown@chac.qld.edu.au,Levi Brown,levibrown@live.com,0454 959 276,false
4ca0b268-650f-4954-bca1-184bd82acecf,Lucas Evans,11,lucasevans@eq.edu.au,Samuel Evans,samuelevans@gmail.com,0471 102 682,false
4d7bea28-8640-4178-8ad3-885ef6dc90c8,Edward Cook,12,edwardcook@student.jpc.qld.edu.au,Joshua Cook,joshuacook@outlook.com,0487 415 046,false
525e36ca-449d-4111-bf46-97bcf707c13f,Emily Green,12,emilygreen@student.jpc.qld.edu.au,Ella Green,ellagreen@outlook.com,0405 946 683,false
53dee3d4-f8e4-44c5-83d4-f530ad5d354d,Charlie Mitchell,12,charliemitchell@eq.edu.au,Jack Mitchell,jackmitchell@bigpond.com,0458 033 722,false
544be0f6-98e8-42e9-9d7c-a345b21112ff,Lucas Murphy,10,lucasmurphy@eq.edu.au,Frankie Murphy,frankiemurphy@yahoo.com,0485 959 985,false
54fc67f6-59b9-4124-9b91-6373eea5e4dc,Sienna Williams,10,siennawilliams@chac.qld.edu.au,Georgia Williams,georgiawilliams@iinet.net.au,0466 086 531,false
55c6d556-2dba-4172-b655-10321c7c02dc,Christina Hu,12,christinahu@student.jpc.qld.edu.au,Tony Hu,tonyhu@live.com,0425 656 150,false
563de481-2c7b-4c42-abfa-73ed70e94dfa,Joyce Zhu,10,joycezhu@student.jpc.qld.edu.au,Li Zhu,lizhu@outlook.com,0485 752 390,false
58041b38-2a6e-4ae0-95cc-00eba3ebcc37,Harper Harris,11,harperharris@chac.qld.edu.au,Nathan Harris,nathanharris@gmail.com,0449 332 019,false
595389b2-fec0-490a-8f2b-28c11ae991eb,Ethan Phillips,12,ethanphillips@eq.edu.au,Scarlett Phillips,scarlettphillips@hotmail.com,0432 660 989,false
599f3974-e5b9-402a-be98-2abd5c9d5472,Georgia Scott,10,georgiascott@gmail.com,Connor Scott,connorscott@outlook.com,0480 224 131,false
5ca4740b-d50f-48f8-b341-b6530cb38388,Sophie Martin,12,sophiemartin@eq.edu.au,Samuel Martin,samuelmartin@yahoo.com,0436 974 666,false
5d176d2a-f88b-4d1f-80ce-89206096afce,Nathan Adams,10,nathanadams@chac.qld.edu.au,Ryan Adams,ryanadams@icloud.com,0427 054 701,false
5d1e71da-81cf-4ad2-a94f-589c24ef96ff,Evie Lewis,10,evielewis@eq.edu.au,Spencer Lewis,spencerlewis@live.com,0422 059 881,false
5d648895-289a-4316-b6ef-1a5cdf44babe,William Cook,11,williamcook@chac.qld.edu.au,Henry Cook,henrycook@icloud.com,0438 806 788,false
5e0d0bce-9ac7-4324-8944-b2a7403ccfcb,Jian Wei,10,jianwei@student.jpc.qld.edu.au,Long Wei,longwei@live.com,0467 601 153,false
5e7af5f8-df8e-4cfc-96e3-0e6380906e36,Willow Murphy,9,willowmurphy@eq.edu.au,Thomas Murphy,thomasmurphy@iinet.net.au,0441 827 416,false
6044b797-7c61-44e9-aa8f-ac32c165f5d0,Isla Thompson,12,islathompson@chac.qld.edu.au,Annabelle Thompson,annabellethompson@iinet.net.au,0436 923 284,false
60510da4-8f40-43e7-b372-e50f6e9d5e4f,Hong Guo,12,hongguo@mbbc.qld.edu.au,Yang Guo,yangguo@outlook.com,0403 943 230,false
614ff810-afe1-4f73-9d6e-e95fdac923fd,Riley Parker,11,rileyparker@chac.qld.edu.au,Georgia Parker,georgiaparker@bigpond.com,0447 693 042,false
616b8370-e023-43fc-ae57-5dfafa9687e6,Andy Ma,10,andyma@chac.qld.edu.au,Kevin Ma,kevinma@icloud.com,0401 090 977,false
616bf4db-4b5e-4423-9f85-db971cc7f421,Ruby Anderson,9,rubyanderson@gmail.com,Blake Anderson,blakeanderson@yahoo.com,0484 953 677,false
61a6ed21-03e2-4c44-b7c1-64d40576a946,Hui Xu,10,huixu@student.jpc.qld.edu.au,Chen Xu,chenxu@gmail.com,0485 123 110,false
6342fa05-4a1d-4b50-a54f-4a4fc277906e,Vivian Han,12,vivianhan@loreto.qld.edu.au,Wendy Han,wendyhan@yahoo.com,0448 252 297,false
653b33fc-6913-4356-92aa-ecaff72b8b6a,Min He,9,minhe@eq.edu.au,Lei He,leihe@yahoo.com,0451 112 618,false
65792b50-4558-4850-b236-4db3eadd7af1,Madison Johnson,12,madisonjohnson@student.jpc.qld.edu.au,Olivia Johnson,oliviajohnson@iinet.net.au,0471 561 760,false
65edb57e-2a53-43ce-baa3-94825259edd7,Amy Liu,10,amyliu@student.jpc.qld.edu.au,Yi Liu,yiliu@hotmail.com,0410 352 512,false
67146945-b158-4ce9-8126-2455d160f92e,Frankie Walker,11,frankiewalker@chac.qld.edu.au,Tahlia Walker,tahliawalker@gmail.com,0408 585 369,false
6813492e-d168-493b-9d1d-dd0ceaceb8d3,Li He,11,lihe@student.jpc.qld.edu.au,Crystal He,crystalhe@icloud.com,0427 654 423,false
6a56b571-465e-47a6-aed2-f9eb8b6a9a13,Aiden Lu,9,aidenlu@eq.edu.au,Vivian Lu,vivianlu@yahoo.com,0488 097 426,true
6e3b87ad-1592-449d-867f-b98d852bc103,Scarlett Lewis,11,scarlettlewis@chac.qld.edu.au,Matilda Lewis,matildalewis@live.com,0479 604 866,false
6ef6692b-0033-4182-8bb1-3af63b415f5b,Georgia King,12,georgiaking@eq.edu.au,Indigo King,indigoking@hotmail.com,0459 671 330,false
6f07a4c9-a5ae-4304-815c-90540488a3bc,Tristan Evans,12,tristanevans@chac.qld.edu.au,Patrick Evans,patrickevans@live.com,0407 184 399,false
6f8679fa-a146-43ab-9266-ce621ce66ec8,Connor Johnson,10,connorjohnson@student.jpc.qld.edu.au,Evie Johnson,eviejohnson@bigpond.com,0407 814 018,false
702b1883-9d4f-4278-aded-113bc06d6484,Ryan Nelson,12,ryannelson@student.jpc.qld.edu.au,Holly Nelson,hollynelson@iinet.net.au,0444 386 113,true
7098f619-e1ac-477f-9d98-aefd9a391c2a,Amelia Wright,12,ameliawright@loreto.qld.edu.au,Eliza Wright,elizawright@yahoo.com,0418 063 005,false
71c47253-7442-4a24-a974-93fce30c4f59,Imogen Nelson,10,imogennelson@gmail.com,Charlotte Nelson,charlottenelson@bigpond.com,0449 635 533,false
726c23ee-052b-4d18-b3c4-eb813f37e595,Matthew Walker,10,matthewwalker@eq.edu.au,Ella Walker,ellawalker@outlook.com,0437 053 763,false
72e080ad-62b5-4aa1-9ffe-240cdff2383c,Chloe Mitchell,12,chloemitchell@chac.qld.edu.au,Harvey Mitchell,harveymitchell@gmail.com,0487 885 864,true
74e5616c-4142-41f8-b183-4afce7d9fe13,Tahlia White,10,tahliawhite@student.jpc.qld.edu.au,Max White,maxwhite@yahoo.com,0449 486 443,false
759963f3-f82c-49b9-8c79-556e45fbc9a7,Eliza Wilson,10,elizawilson@gmail.com,Imogen Wilson,imogenwilson@gmail.com,0486 180 930,false
75a1e34b-270b-4d6f-8064-aa5e88469481,Penelope Hall,12,penelopehall@chac.qld.edu.au,Archie Hall,archiehall@gmail.com,0448 948 465,false
75e1a5bd-2a29-4a8b-b6e0-1ab19e756a7b,Annabelle Wright,11,annabellewright@student.jpc.qld.edu.au,Imogen Wright,imogenwright@icloud.com,0421 785 468,false
795108b1-3ee8-4c08-a082-16eeaf708b4b,Archie Anderson,11,archieanderson@eq.edu.au,Matilda Anderson,matildaanderson@gmail.com,0468 264 422,false
799d8763-7d86-4fd7-82a6-ac48cc27c381,Georgia Adams,11,georgiaadams@eq.edu.au,Hudson Adams,hudsonadams@icloud.com,0488 461 784,false
7a257288-8eb5-4dc5-8da1-654e71d15674,Charlie Murphy,12,charliemurphy@mbbc.qld.edu.au,Harper Murphy,harpermurphy@bigpond.com,0433 386 058,false
7a798aec-6c0b-4eeb-a548-7ad59d0b566e,Levi Cook,11,levicook@loreto.qld.edu.au,Riley Cook,rileycook@gmail.com,0403 571 969,false
7afec4f2-117f-481a-9e67-eb7b8a68ffb1,Archie Parker,11,archieparker@gmail.com,Spencer Parker,spencerparker@bigpond.com,0427 740 450,false
7bd5b25d-f1b1-4d02-b466-979ee3284365,Henry Do,9,henrydo@gmail.com,Linh Do,linhdo@iinet.net.au,0442 491 272,false
7c4bfb4a-a8b5-4d4e-9193-4ffab839c9a1,Madison Young,10,madisonyoung@eq.edu.au,Blake Young,blakeyoung@gmail.com,0482 612 158,false
7dbfe406-84cf-480a-8c94-53813d21a5a3,Archie Martin,12,archiemartin@student.jpc.qld.edu.au,Levi Martin,levimartin@yahoo.com,0450 803 870,false
7e1e6dce-db56-4f55-8c92-577be3ac726a,Penelope Nelson,12,penelopenelson@student.jpc.qld.edu.au,Patrick Nelson,patricknelson@outlook.com,0463 196 636,false
7e5a31aa-f5ed-44b2-83a1-ec8f46b13092,Holly Harris,12,hollyharris@eq.edu.au,Audrey Harris,audreyharris@bigpond.com,0463 777 084,false
7f49fe19-b9b4-42c5-94ca-638d01ed7faf,Matilda Thompson,10,matildathompson@gmail.com,Eleanor Thompson,eleanorthompson@bigpond.com,0482 557 352,false
7f4b827f-9359-49ae-8447-0b215a2bbd86,Ray He,10,rayhe@student.jpc.qld.edu.au,Tony He,tonyhe@icloud.com,0411 879 840,false
807a0260-463d-4007-9bd1-b2f9d8f0d437,Nathan Smith,11,nathansmith@student.jpc.qld.edu.au,Alexander Smith,alexandersmith@gmail.com,0477 655 786,false
80dbfd3e-1bd8-41b9-a88f-9fbc6bf97174,Pooja Reddy,11,poojareddy@eq.edu.au,Asha Reddy,ashareddy@iinet.net.au,0445 976 344,false
8104c91f-291b-4dd1-a405-bce0aafb2606,Rose White,12,rosewhite@student.jpc.qld.edu.au,Sophia White,sophiawhite@hotmail.com,0439 044 048,false
819fee61-339b-43a4-8de7-ce7104aad303,Madison Phillips,9,madisonphillips@eq.edu.au,Daniel Phillips,danielphillips@yahoo.com,0441 373 197,false
81ab423f-5242-47ed-bdde-1710f898cf22,Madison Baker,12,madisonbaker@student.jpc.qld.edu.au,Willow Baker,willowbaker@iinet.net.au,0436 704 009,false
82548570-a8c5-4423-9626-6957f5061093,Matilda Baker,10,matildabaker@loreto.qld.edu.au,Patrick Baker,patrickbaker@outlook.com,0482 074 331,false
82c9e0a2-3906-47b1-9f5e-4a33feefa1f8,Spencer Wilson,12,spencerwilson@eq.edu.au,Amelia Wilson,ameliawilson@yahoo.com,0441 468 851,false
8349364e-e7d3-4345-adbb-5e0c2b36cb02,Bailey Roberts,12,baileyroberts@eq.edu.au,Liam Roberts,liamroberts@iinet.net.au,0417 719 963,false
8350cba8-5c8d-4085-b145-5ea5bb7b5a01,Sophie Wilson,12,sophiewilson@gmail.com,Georgia Wilson,georgiawilson@outlook.com,0403 831 172,false
844cf12a-e1fe-4e63-9340-0935aebbae6e,Olivia Mitchell,10,oliviamitchell@eq.edu.au,Alexander Mitchell,alexandermitchell@yahoo.com,0465 166 612,false
8478450c-cc19-4832-9d54-1f58edf947af,Sebastian King,12,sebastianking@eq.edu.au,Frankie King,frankieking@yahoo.com,0459 611 311,false
88af3413-ba0e-47f0-bc2d-5900d1fc88a5,Samuel Martin,12,samuelmartin@gmail.com,Rose Martin,rosemartin@outlook.com,0462 072 944,false
8a841124-076b-4143-a7fa-0ac6e73f023c,Holly Hill,10,hollyhill@gmail.com,Benjamin Hill,benjaminhill@yahoo.com,0445 718 173,false
8a9f95d4-4688-4ba9-a3f0-4432a1eece3a,Samuel Brown,12,samuelbrown@student.jpc.qld.edu.au,Grace Brown,gracebrown@icloud.com,0475 215 398,false
8aa6c1bc-9537-4f51-a0e0-e7e6d6c33ca5,Bianca Conti,12,biancaconti@loreto.qld.edu.au,Iva Conti,ivaconti@hotmail.com,0406 408 820,false
8ad2ba09-5d00-438b-a6cb-c16447677fe2,Mahmoud Younis,12,mahmoudyounis@eq.edu.au,Sara Younis,sarayounis@iinet.net.au,0419 731 568,false
8b99a44f-2ee7-452a-9d60-fe9e3b71f6cb,Grace Thompson,12,gracethompson@eq.edu.au,Benjamin Thompson,benjaminthompson@hotmail.com,0481 524 992,false
8f12a60a-ebfa-472b-979f-423b359bacb6,Toby Martin,10,tobymartin@eq.edu.au,Scarlett Martin,scarlettmartin@hotmail.com,0440 018 496,false
8f2cfede-b791-428c-98d0-6bbc205f0039,Mateo Lopez,12,mateolopez@eq.edu.au,Javier Lopez,javierlopez@hotmail.com,0449 835 023,false
8f2e686e-eee4-4a08-8779-3a1178ad71d5,James Carter,9,jamescarter@student.jpc.qld.edu.au,Annabelle Carter,annabellecarter@icloud.com,0447 128 329,false
8f5a0dad-40bc-47cd-9140-e4ef60692f1f,Xiu He,9,xiuhe@eq.edu.au,Xin He,xinhe@icloud.com,0485 378 540,false
907bad74-d218-4fb2-9cb1-49ca8149c6d1,William Walker,12,williamwalker@loreto.qld.edu.au,Ava Walker,avawalker@gmail.com,0452 451 033,false
920c13cf-19ac-4f3a-bf82-0457200ab879,Noah Parker,10,noahparker@chac.qld.edu.au,Leo Parker,leoparker@iinet.net.au,0463 282 210,false
9394db4a-7f45-4fba-8151-b9c1c4896d38,Tahlia Williams,12,tahliawilliams@loreto.qld.edu.au,Rose Williams,rosewilliams@hotmail.com,0450 849 073,false
945a0cbe-0e19-494e-8041-3f19213e9c13,Nancy Lu,10,nancylu@gmail.com,Kevin Lu,kevinlu@gmail.com,0452 442 809,false
95a6073e-3ed5-4617-991d-3cb18bf60006,Pooja Mehta,11,poojamehta@student.jpc.qld.edu.au,Priya Mehta,priyamehta@iinet.net.au,0481 754 334,false
9632c977-4048-45a1-a820-c688c84f5208,Matilda Brown,10,matildabrown@eq.edu.au,Noah Brown,noahbrown@iinet.net.au,0429 190 088,false
96ba4f6b-531d-422c-99e5-e61917b1f662,Phoebe Jones,11,phoebejones@loreto.qld.edu.au,Ella Jones,ellajones@gmail.com,0469 654 781,false
970c3598-15a4-4a7a-864c-34aa938f1fa9,Benjamin Campbell,12,benjamincampbell@loreto.qld.edu.au,Sophia Campbell,sophiacampbell@gmail.com,0458 278 628,false
97a3eeef-75d9-4354-bd7b-aa7983275a0f,Lei Li,12,leili@eq.edu.au,Kai Li,kaili@yahoo.com,0467 931 950,true
983a0018-6c5f-478f-89c0-fda4d5957671,Noah Collins,12,noahcollins@chac.qld.edu.au,Leo Collins,leocollins@iinet.net.au,0405 812 611,false
992e277b-c915-4673-bb8a-ef725a384c46,Ava Wilson,10,avawilson@eq.edu.au,Ava Wilson,avawilson@icloud.com,0439 501 344,false
994d8406-09cc-47f7-a340-a251393fd5e2,Kien Pham,12,kienpham@eq.edu.au,Anh Pham,anhpham@iinet.net.au,0465 862 010,false
99f5a664-5d35-4bb0-ac4d-c1c0e154d152,Levi Collins,12,levicollins@eq.edu.au,Harper Collins,harpercollins@outlook.com,0407 735 389,false
9a7213fc-1e41-41a4-9419-f507eab315e6,Matilda Evans,11,matildaevans@icloud.com,Tristan Evans,tristanevans@iinet.net.au,0417 987 088,false
9b1f8bbc-2046-41a4-a5ad-b3d3b54cb654,Noah Johnson,9,noahjohnson@student.jpc.qld.edu.au,Imogen Johnson,imogenjohnson@icloud.com,0416 812 823,false
9bfe3f2a-bcd9-4479-af91-d0f332b5d0d7,Imogen Stewart,12,imogenstewart@loreto.qld.edu.au,Charlotte Stewart,charlottestewart@icloud.com,0416 247 631,false
9cda4bfe-779f-41cd-89da-9ee95e7369dd,Levi Carter,10,levicarter@chac.qld.edu.au,Scarlett Carter,scarlettcarter@yahoo.com,0408 037 526,false
9d3e592e-5fcb-410b-8309-79faf3d76ff1,Nisha Desai,12,nishadesai@eq.edu.au,Rishi Desai,rishidesai@yahoo.com,0468 509 817,false
9df54f03-b941-4d5e-a25a-5f6a4f433cac,Harvey Evans,12,harveyevans@gmail.com,Amelia Evans,ameliaevans@outlook.com,0427 542 879,false
9e11222d-745e-41d2-81bb-123a8b4bf0d4,Nathan Green,10,nathangreen@student.jpc.qld.edu.au,Noah Green,noahgreen@outlook.com,0462 593 321,false
9f545c9f-4101-4223-ae02-8f2b677dd35e,Nathan Martin,11,nathanmartin@eq.edu.au,Leo Martin,leomartin@live.com,0488 726 138,false
9fcafb73-941d-482b-8fb6-4d5cf8b24fd9,Sienna Roberts,12,siennaroberts@loreto.qld.edu.au,Jack Roberts,jackroberts@gmail.com,0451 664 086,false
9fd1c267-ffcc-41d1-a11f-1b32cbfa6c78,James Anderson,12,jamesanderson@eq.edu.au,Connor Anderson,connoranderson@live.com,0416 090 094,false
a02be0c3-7b8f-4e07-8b5e-260c231cca42,Henry Robinson,9,henryrobinson@student.jpc.qld.edu.au,Hayden Robinson,haydenrobinson@bigpond.com,0460 303 184,false
a069eb66-b8fa-4a74-9bcd-f968dcadbf96,Aisha Ibrahim,9,aishaibrahim@eq.edu.au,Amir Ibrahim,amiribrahim@live.com,0481 107 077,false
a11f5135-8220-48cf-b86e-df7c4f95a7ae,Georgia Evans,12,georgiaevans@eq.edu.au,Ava Evans,avaevans@hotmail.com,0425 291 142,false
a238b1ae-b590-4bab-9ca1-08acd19a6e00,Emily Wilson,10,emilywilson@loreto.qld.edu.au,Hannah Wilson,hannahwilson@iinet.net.au,0433 657 883,false
a34cf6c6-7caf-462b-8853-79b23d61351f,Tahlia Evans,12,tahliaevans@loreto.qld.edu.au,Ryan Evans,ryanevans@iinet.net.au,0440 810 145,false
a41cc784-d89b-45bd-938a-54eab5950206,Aanya Desai,11,aanyadesai@student.jpc.qld.edu.au,Rahul Desai,rahuldesai@gmail.com,0414 634 718,false
a671880c-356b-48d2-a690-915c079e8072,Phoebe Scott,12,phoebescott@icloud.com,Willow Scott,willowscott@yahoo.com,0473 081 126,false
a6fe000a-a1c9-49dc-8f3c-63f6f6c0ccbb,Hyun Choi,12,hyunchoi@student.jpc.qld.edu.au,Brian Choi,brianchoi@iinet.net.au,0489 952 412,false
a7765b63-2e24-4645-b7d3-a8f580a78e2b,Frankie Parker,11,frankieparker@loreto.qld.edu.au,Willow Parker,willowparker@icloud.com,0434 171 829,false
a783ec55-e2d3-49e9-83f4-4558d6f4df3b,Iva Demetriou,12,ivademetriou@loreto.qld.edu.au,Iva Demetriou,ivademetriou@gmail.com,0434 630 633,false
ae80b410-27e2-43c0-89fe-07907e369e92,Penelope Carter,12,penelopecarter@mbbc.qld.edu.au,Eliza Carter,elizacarter@icloud.com,0438 052 725,false
af6aba23-d7b2-47ae-ba8e-b6199290632b,Reyansh Chopra,10,reyanshchopra@eq.edu.au,Diya Chopra,diyachopra@iinet.net.au,0420 425 408,false
b23064d3-1ab0-4df5-8bd4-7a9618c6a688,Matilda Evans,11,matildaevans@gmail.com,Willow Evans,willowevans@iinet.net.au,0418 042 823,false
b2a35786-cc13-468e-83bd-d0b64dfbf0e1,Georgia Nelson,12,georgianelson@loreto.qld.edu.au,Emily Nelson,emilynelson@icloud.com,0485 940 944,false
b34f5ae9-d64f-4bbd-bdea-85b6de9c3245,Aria Cook,11,ariacook@chac.qld.edu.au,Willow Cook,willowcook@live.com,0477 111 854,false
b42673cf-77ec-41ed-bf2b-d18d7acaa000,Eleanor Phillips,12,eleanorphillips@chac.qld.edu.au,Ryan Phillips,ryanphillips@bigpond.com,0434 804 708,false
b61cd2a1-9bb0-49e1-a420-770c928d2dca,Ryan Adams,10,ryanadams@loreto.edu.au.qld,Matilda Adams,matildaadams@icloud.com,0420 527 291,false
b6702a88-9d06-4b0c-b876-5bcb50b66104,Evie Edwards,10,evieedwards@eq.edu.au,Madison Edwards,madisonedwards@gmail.com,0423 507 241,false
b6c3d920-a8be-409b-a433-bd068e488d0f,Daniel Brown,11,danielbrown@student.jpc.qld.edu.au,Levi Brown,levibrown@yahoo.com,0465 395 959,false
b7f0a161-581e-4222-964e-c74c31f05e8b,Grace Thompson,10,gracethompson@chac.qld.edu.au,Audrey Thompson,audreythompson@gmail.com,0416 981 314,false
b95c3503-da2d-4dae-8d20-fa0bdc1d0dee,Annabelle Baker,12,annabellebaker@loreto.qld.edu.au,Evie Baker,eviebaker@bigpond.com,0473 993 003,false
baf4f137-4d38-44f2-8d4d-7b66c0a43d93,Charlie Morris,12,charliemorris@eq.edu.au,Matilda Morris,matildamorris@yahoo.com,0421 133 009,false
bbb5fb6a-f346-4100-a7da-3bd33ee73ff7,Tahlia Collins,12,tahliacollins@eq.edu.au,Lucas Collins,lucascollins@bigpond.com,0489 277 995,false
bc207c94-b0ae-4a32-88a0-22ccea5c5102,Hazel King,12,hazelking@eq.edu.au,Hannah King,hannahking@iinet.net.au,0408 569 223,false
bc2fbb69-0391-4891-aee6-db65a2a307bc,Levi Scott,11,leviscott@eq.edu.au,Hazel Scott,hazelscott@yahoo.com,0456 654 629,false
bdaaeecd-688d-4264-8039-db686edcff14,Archie Murphy,12,archiemurphy@mbbc.qld.edu.au,Harvey Murphy,harveymurphy@outlook.com,0487 983 555,false
bf3a2d61-29d4-48d2-8c9f-babfad8878b0,Eliza Scott,10,elizascott@eq.edu.au,Tristan Scott,tristanscott@bigpond.com,0429 455 626,false
bf6001f6-e8d3-447d-8866-bb81f49600b4,Lucas Thompson,12,lucasthompson@loreto.qld.edu.au,Leo Thompson,leothompson@yahoo.com,0459 686 694,false
bf83e627-865c-4d19-ac58-cb86e366666d,Aria Adams,9,ariaadams@yahoo.com,Riley Adams,rileyadams@live.com,0420 953 056,false
bf8a7683-dc0d-432f-affc-47e671580a04,Ryan Wilson,11,ryanwilson@eq.edu.au,Daniel Wilson,danielwilson@hotmail.com,0417 170 715,false
bfe2dd5a-060d-4fe1-87b4-df068efd6b6e,Indigo King,12,indigoking@loreto.qld.edu.au,Sebastian King,sebastianking@iinet.net.au,0439 674 321,false
c0abe34c-d4e3-4894-ba23-9c0d0f317f2d,Tristan Nelson,11,tristannelson@gmail.com,Isabella Nelson,isabellanelson@outlook.com,0478 542 585,false
c184c2db-7640-4af8-b58c-3fe0c07464c4,Henry Brown,11,henrybrown@mbbc.qld.edu.au,James Brown,jamesbrown@bigpond.com,0409 256 194,false
c18ce637-d93a-492c-b13d-50a24911573c,Tristan Collins,9,tristancollins@eq.edu.au,Matilda Collins,matildacollins@hotmail.com,0412 365 938,false
c1d486bf-6ee1-4535-b769-07e539f14dc2,Harper Carter,9,harpercarter@eq.edu.au,Evie Carter,eviecarter@hotmail.com,0422 367 355,false
c2375fdf-7d31-4868-aeac-79d1e292cebb,Bailey Jones,12,baileyjones@student.jpc.qld.edu.au,Amelia Jones,ameliajones@yahoo.com,0426 860 075,false
c429a513-4c52-4451-a3cf-ed7c5e911dd6,Connor Mitchell,12,connormitchell@gmail.com,Ava Mitchell,avamitchell@yahoo.com,0437 606 298,false
c45cccd7-d93c-46ae-8688-49ce55b84587,Noah Clark,10,noahclark@eq.edu.au,Isla Clark,islaclark@yahoo.com,0435 013 530,false
c483dc4e-4fca-447d-85f1-f9f1d31f9e3c,Riley Turner,12,rileyturner@eq.edu.au,Willow Turner,willowturner@gmail.com,0475 646 197,false
c4be8d29-acca-4c73-a7dc-fa3aa9a8a5d5,Rashid Khalil,9,rashidkhalil@student.jpc.qld.edu.au,Fatima Khalil,fatimakhalil@iinet.net.au,0487 414 081,false
c5c232b0-10a0-4054-81ef-a74e12263611,Aarav Singh,9,aaravsingh@student.jpc.qld.edu.au,Aniket Singh,aniketsingh@icloud.com,0433 904 986,false
c6aff65d-60ad-4222-866d-b15d90a9f35a,Olivia Wright,11,oliviawright@chac.qld.edu.au,Alexander Wright,alexanderwright@live.com,0484 042 593,false
c7453b4c-092d-44be-aeba-63a866f2bea9,Ray Liu,12,rayliu@student.jpc.qld.edu.au,Tiffany Liu,tiffanyliu@icloud.com,0466 819 614,false
c8df3bf8-8e79-4cc5-a759-060fd66de82d,Nathan Morris,10,nathanmorris@chac.qld.edu.au,Charlie Morris,charliemorris@icloud.com,0479 813 336,false
c9b9c4c6-d853-4843-a94b-2bbb0123363f,Chloe Collins,11,chloecollins@eq.edu.au,Eleanor Collins,eleanorcollins@bigpond.com,0471 327 494,true
ca578b24-0629-4fad-b8dc-99f3a85f4824,Bailey Collins,11,baileycollins@mbbc.qld.gov.edu,Noah Collins,noahcollins@gmail.com,0476 913 787,false
cc78d4a4-e7b8-4bf2-91b4-8feced3aa797,Rose Walker,11,rosewalker@eq.edu.au,Aria Walker,ariawalker@bigpond.com,0471 604 230,false
ccff7fa9-479d-4fbb-ae9c-074e1943c0bd,Annabelle Harris,11,annabelleharris@eq.edu.au,Isabella Harris,isabellaharris@live.com,0434 550 096,false
cefa44c8-253d-4e8f-825e-382a8b5cd6d6,Hudson Scott,11,hudsonscott@chac.qld.edu.au,Samuel Scott,samuelscott@gmail.com,0460 948 524,false
d077be88-afb7-48f8-8089-bece44e0e904,Daniel Wright,11,danielwright@chac.qld.edu.au,Ella Wright,ellawright@iinet.net.au,0414 227 810,false
d10cc456-7766-4be2-89d3-390ee935e305,Michelle Deng,12,michelledeng@student.jpc.qld.edu.au,Leon Deng,leondeng@outlook.com,0458 379 139,false
d13fc590-a972-4940-813d-63c9d6edc6a1,Harper Harris,12,harperharris@eq.edu.au,Holly Harris,hollyharris@icloud.com,0401 032 491,false
d1eef2cb-99d2-46c9-9080-014163dc4093,Liam Thompson,10,liamthompson@student.jpc.qld.edu.au,Toby Thompson,tobythompson@gmail.com,0400 563 126,false
d21b3006-07f1-4e63-bfac-7f4675a008bf,Evie White,10,eviewhite@loreto.qld.edu.au,Hazel White,hazelwhite@hotmail.com,0410 059 533,false
d3a96b25-096a-4295-af48-6164324796d1,William Collins,9,williamcollins@student.jpc.qld.edu.au,Hannah Collins,hannahcollins@icloud.com,0432 064 870,false
d3df41da-d055-4607-8be0-3f0c9fe31e8d,Frankie Green,12,frankiegreen@loreto.qld.edu.au,Frankie Green,frankiegreen@yahoo.com,0451 183 128,false
d4b26684-1ac7-4e74-bfdb-93d38767c050,Sienna Nelson,9,siennanelson@eq.edu.au,Hannah Nelson,hannahnelson@bigpond.com,0430 910 540,false
d4c0139c-da99-48be-a30f-20e4eb63aa4c,William Mitchell,10,williammitchell@eq.edu.au,Archie Mitchell,archiemitchell@gmail.com,0484 351 467,false
d5cc7d0f-c001-4fb2-bf67-b2e5b99521d6,Ava Hall,10,avahall@loreto.qld.edu.au,Zachary Hall,zacharyhall@icloud.com,0475 890 745,false
d5efe5d4-17b7-4128-8fa4-af3f00605855,Vivian Ma,11,vivianma@student.jpc.qld.edu.au,Li Ma,lima@bigpond.com,0459 905 069,false
d62a1559-e4ed-4a2b-b034-6e7f03f4168e,Mason Young,10,masonyoung@gmail.com,Bailey Young,baileyyoung@icloud.com,0453 710 081,false
d78a60fd-e8da-4408-9b72-0e0673c8fe74,Noah Carter,10,noahcarter@loreto.qld.edu.au,Imogen Carter,imogencarter@yahoo.com,0482 437 413,false
d8b05585-9ce2-4712-bac9-d0eb53ee7fb2,Scarlett Phillips,12,scarlettphillips@chac.qld.edu.au,Toby Phillips,tobyphillips@live.com,0477 288 710,false
d8dc6c47-eee5-4a21-83bb-ded4ccb2260d,James Johnson,11,jamesjohnson@eq.edu.au,Edward Johnson,edwardjohnson@yahoo.com,0402 549 374,false
dbd7456a-212c-42ac-ac76-e71fc9cf2b61,Archie Williams,12,archiewilliams@student.jpc.qld.edu.au,Ella Williams,ellawilliams@hotmail.com,0479 403 316,false
dc76e44d-c18e-4b96-9397-f90c88d33dcf,Riley Turner,12,rileyturner@mbbc.qld.edu.au,Tahlia Turner,tahliaturner@live.com,0406 885 866,false
dcfb4e6c-7095-4df5-aa41-d81f97c9c6ed,Chloe Robinson,11,chloerobinson@eq.edu.au,Leo Robinson,leorobinson@gmail.com,0446 588 044,false
dd16fe3c-304f-4a42-a8e8-a3ae3edf6577,Sienna White,12,siennawhite@loreto.qld.edu.au,Benjamin White,benjaminwhite@bigpond.com,0412 125 170,true
dd8d0292-0470-4196-9fd5-63d9cef6a20b,Georgia Adams,10,georgiaadams@chac.qld.edu.au,Aria Adams,ariaadams@live.com,0453 851 955,false
de7a3cfa-9b2c-4374-8541-7c863aaedceb,Samuel Nelson,11,samuelnelson@chac.qld.edu.au,Henry Nelson,henrynelson@live.com,0469 478 851,false
dea7bbfc-c7a8-46ee-b55e-fde672d4ea45,Emily Walker,10,emilywalker@gmail.com,Eliza Walker,elizawalker@bigpond.com,0428 300 975,false
df173279-314d-4d54-a7a0-0b801d4fb468,Pippa Johnson,11,pippajohnson@loreto.qld.edu.au,Audrey Johnson,audreyjohnson@icloud.com,0431 883 931,false
dfd6b111-12cc-4082-adbf-8b85c163f398,Imogen Cook,11,imogencook@loreto.qld.edu.au,Oliver Cook,olivercook@bigpond.com,0488 765 392,false
e0461042-79af-4562-8bfe-e732a147a417,Sienna Taylor,11,siennataylor@chac.qld.edu.au,Liam Taylor,liamtaylor@gmail.com,0483 693 485,false
e0dfa334-147c-47b2-85e8-4e8268789a69,Madison Robinson,12,madisonrobinson@loreto.qld.edu.au,Sophie Robinson,sophierobinson@live.com,0446 332 932,false
e1bbaa2e-5476-4da7-9e8e-629db0714fd5,Zachary Wright,12,zacharywright@student.jpc.qld.edu.au,Chloe Wright,chloewright@yahoo.com,0473 502 739,false
e2ec7220-728b-4b44-83cb-6dc441f97743,Thomas Hall,11,thomashall@eq.edu.au,Samuel Hall,samuelhall@yahoo.com,0431 898 364,false
e3a1f8c9-4c88-42b9-afb5-ed8b975f9b69,Sophie Evans,12,sophieevans@loreto.qld.edu.au,Liam Evans,liamevans@outlook.com,0463 826 530,false
e3e08740-ec4f-41a3-b136-6cbe143e447e,Aarav Bhatia,12,aaravbhatia@eq.edu.au,Reyansh Bhatia,reyanshbhatia@iinet.net.au,0455 461 968,false
e47d10f0-5e91-4ed3-9ce1-e441f8d795a4,Audrey Adams,12,audreyadams@student.jpc.qld.edu.au,Thomas Adams,thomasadams@iinet.net.au,0462 300 059,false
e4c26ea7-6e44-4adc-a93e-6ee105430918,Tristan Scott,12,tristanscott@eq.edu.au,Archie Scott,archiescott@iinet.net.au,0464 417 274,false
e5de5ca0-da46-415b-9b9c-da0f942d53ff,Bailey Roberts,12,baileyroberts@student.jpc.qld.edu.au,Blake Roberts,blakeroberts@hotmail.com,0451 432 368,false
e6940706-24e3-4854-918c-6825b205f770,Leo Stewart,11,leostewart@gmail.com,Eleanor Stewart,eleanorstewart@iinet.net.au,0410 489 738,false
e7f545e0-c0d4-44d2-811e-ff28ce7b7f3a,Georgia Collins,11,georgiacollins@gmail.com,Levi Collins,levicollins@icloud.com,0466 251 078,false
e83ef64e-d212-4eeb-a397-168199e38770,Kai Wang,9,kaiwang@eq.edu.au,Kai Wang,kaiwang@hotmail.com,0480 563 413,false
ea2d4f59-6b96-40ae-ac60-3afcd02cc020,Chloe Phillips,12,chloephillips@eq.edu.au,Zoe Phillips,zoephillips@gmail.com,0487 059 017,false
ea5f2663-d9d4-4254-9b0f-31e7f0b4eaee,Sophie Harris,12,sophieharris@eq.edu.au,Tristan Harris,tristanharris@hotmail.com,0421 889 323,false
ec288585-7cc3-4cc9-80e8-796defddd84b,Eleanor Anderson,10,eleanoranderson@student.jpc.qld.edu.au,William Anderson,williamanderson@iinet.net.au,0423 433 229,false
ecf3be1c-aa71-421f-a5fb-dc50761a2462,James Parker,11,jamesparker@student.jpc.qld.edu.au,Aria Parker,ariaparker@gmail.com,0461 368 033,false
ecfc645d-c8be-4f8a-aa56-b26cf6bcab6b,Lucas Anderson,12,lucasanderson@student.jpc.qld.edu.au,Harper Anderson,harperanderson@outlook.com,0414 503 612,false
ee1de936-c549-4d92-90d0-9bccfb97faf0,Tahlia Carter,11,tahliacarter@gmail.com,Grace Carter,gracecarter@iinet.net.au,0420 637 973,false
ee2e3cc2-adff-439a-a14e-47458a215450,Daniel Carter,12,danielcarter@mbbc.qld.edu.au,Alexander Carter,alexandercarter@gmail.com,0422 675 283,false
eebca935-797c-4c83-88bc-23eb9f3d2973,Isabella Mitchell,11,isabellamitchell@loreto.qld.edu.au,Eleanor Mitchell,eleanormitchell@live.com,0419 008 432,false
eed87d6a-3d83-4604-a9cc-0daa83f87a6c,Charlie Clark,12,charlieclark@chac.qld.edu.au,Mia Clark,miaclark@bigpond.com,0461 641 440,false
ef299e33-69a6-40fd-92d0-12147fb1e93a,Ethan Walker,12,ethanwalker@student.jpc.qld.edu.au,Harper Walker,harperwalker@outlook.com,0423 635 066,false
ef46bc61-80de-4c77-a302-aaa2ee4188b9,Sebastian Hall,11,sebastianhall@eq.edu.au,Thomas Hall,thomashall@live.com,0417 667 074,false
f0295c5c-da74-48ac-a17a-282509c8650f,Holly Anderson,11,hollyanderson@eq.edu.au,Joshua Anderson,joshuaanderson@gmail.com,0433 006 743,false
f07c1c06-02e2-480d-9193-9d2a2577cd30,Pippa Baker,12,pippabaker@loreto.qld.edu.au,Ryan Baker,ryanbaker@yahoo.com,0450 140 831,false
f184ca7b-8021-4904-9210-fccaf8cf172c,Edward Evans,10,edwardevans@chac.qld.edu.au,Phoebe Evans,phoebeevans@gmail.com,0417 900 153,false
f2e0d7f5-847f-4ec0-9d1d-ce754dd0c5cf,Sophia Turner,12,sophiaturner@eq.edu.au,Ella Turner,ellaturner@bigpond.com,0409 526 044,false
f418af6e-e26f-4484-8a9b-29c41660ebce,Zoe Jones,9,zoejones@eq.edu.au,Harvey Jones,harveyjones@bigpond.com,0460 522 773,false
f48216ce-15fb-4da5-935f-6e44fe32dbde,Noah Baker,12,noahbaker@outlook.com,Eliza Baker,elizabaker@iinet.net.au,0454 745 547,false
f553cbe9-7d32-4bdf-a3de-233ac65896bc,Jack Wilson,12,jackwilson@mbbc.qld.edu.au,Sienna Wilson,siennawilson@outlook.com,0474 131 220,false
f68b07e9-e72d-4a41-b056-beff93d8216b,Samuel Martin,10,samuelmartin@student.jpc.qld.edu.au,Audrey Martin,audreymartin@bigpond.com,0445 668 303,false
f756e82a-b3e9-4865-b11b-2c6cf9419469,Benjamin Scott,10,benjaminscott@eq.edu.au,Lily Scott,lilyscott@iinet.net.au,0419 004 338,false
f76b1615-6dda-4d67-aa6e-bc62289be532,Cooper Carter,12,coopercarter@loreto.qld.edu.au,Eleanor Carter,eleanorcarter@outlook.com,0443 454 734,false
f888379a-7d3a-4620-98b9-849ca9f0c563,Amelia Williams,11,ameliawilliams@eq.edu.au,Mia Williams,miawilliams@hotmail.com,0462 695 959,false
f947b417-d6c9-4c8c-87b4-b568bc7e65cb,Sebastian Wilson,11,sebastianwilson@loreto.qld.edu.au,Isla Wilson,islawilson@iinet.net.au,0416 534 641,false
fa1825eb-65a6-4927-b9f5-f45fc49654c8,Ella Nelson,12,ellanelson@eq.edu.au,William Nelson,williamnelson@icloud.com,0474 478 478,false
fa632ae8-d570-43c1-ac54-6df74e8592bf,Henry Nelson,11,henrynelson@eq.edu.au,Connor Nelson,connornelson@live.com,0481 656 188,false
facb71f8-d479-4e76-b127-d17230ae2fa7,Joshua Jones,10,joshuajones@eq.edu.au,Riley Jones,rileyjones@outlook.com,0402 189 043,false
fafd2116-911e-45ab-a566-27c7022e6e0c,Leo Thompson,11,leothompson@student.jpc.qld.edu.au,Hunter Thompson,hunterthompson@yahoo.com,0425 779 953,false
fbba2d5f-dbae-4b54-9b7f-76794de90c05,Sophia Turner,11,sophiaturner@student.jpc.qld.edu.au,Mia Turner,miaturner@bigpond.com,0483 839 177,false
fd74d0f4-c515-439d-9e01-ce1851a66496,Scarlett Murphy,12,scarlettmurphy@loreto.qld.edu.au,Bailey Murphy,baileymurphy@icloud.com,0455 130 638,false
ffad0b19-6d30-4924-8cec-89b460d514a9,Liam Murphy,10,liammurphy@chac.qld.edu.au,Henry Murphy,henrymurphy@hotmail.com,0466 862 312,false
ffddf103-b10b-4436-8571-76b58622413b,Spencer Young,11,spenceryoung@eq.edu.au,Cooper Young,cooperyoung@gmail.com,0457 010 747,false