id,student_id,restriction
00461aeb-10b3-429a-9591-10852021440c,ef299e33-69a6-40fd-92d0-12147fb1e93a,halal
184b0e74-9bd7-402b-8509-6dbe04edcdf0,f756e82a-b3e9-4865-b11b-2c6cf9419469,halal
1c19f19d-21e4-4400-a1d9-5838a6d9e643,d3a96b25-096a-4295-af48-6164324796d1,halal
1ebdb654-282a-44e2-8dfa-4f44182c25b9,e83ef64e-d212-4eeb-a397-168199e38770,no_shellfish
2144cdf4-4c66-4db1-a569-e2039de38291,a02be0c3-7b8f-4e07-8b5e-260c231cca42,no_beef
287548ab-d92f-424b-aefd-2a4fa743b2c9,bf83e627-865c-4d19-ac58-cb86e366666d,halal
2b15000c-f2db-47bf-a2d7-c80166e3fcf0,c2375fdf-7d31-4868-aeac-79d1e292cebb,no_beef
2bbac98e-a087-4451-9252-c1485c0e75a0,4d7bea28-8640-4178-8ad3-885ef6dc90c8,vegetarian
33be47b2-a3ff-4652-aa33-e7b26e9ee731,21e81ffc-e1bb-4f5f-b575-f26703781295,vegetarian
33e3c7f4-5b6a-4912-a7a0-67d95ca312bb,1b3244a7-7ced-4427-945e-700f18a73d66,no_pork
3a2d4202-59d0-49a5-81a3-9f5aecd8ba9b,95a6073e-3ed5-4617-991d-3cb18bf60006,vegetarian
3d804e07-7b15-475d-a582-97673f1ea6f3,0b717bbd-feae-4699-970c-dd1b71adf7ea,halal
3faa5415-a203-4227-ae50-c3c37681a65e,2acf9d07-ed60-4281-939b-59466aef604f,nut_free
3fc7ccda-867b-45fd-b2a8-c1c77834f142,27230206-9fad-42a3-948b-b51319933169,halal
44cfd36a-b04d-45c6-899b-321dbbc87129,7a798aec-6c0b-4eeb-a548-7ad59d0b566e,gluten_free
4d128b6d-3eb9-48a0-b4e0-80e1037f90d0,c5c232b0-10a0-4054-81ef-a74e12263611,no_pork
4d306be1-4476-4acb-a8f0-1e98b78791e0,1b3244a7-7ced-4427-945e-700f18a73d66,no_beef
4d897388-ea96-4aa2-bf53-ee91c6d2e03a,332230bc-8da9-4204-8ce7-17fbe356d4ab,halal
52cf0106-4a9a-4cc5-bdb0-a568427867fc,20f53d06-ea02-4191-85a0-e57c2aca14c3,halal
577d42d1-8904-472a-baf1-83e54fcdd5c5,a069eb66-b8fa-4a74-9bcd-f968dcadbf96,halal
5a83eb28-13a0-4869-9de6-ad27d197b467,799d8763-7d86-4fd7-82a6-ac48cc27c381,halal
5c721a2e-4874-49fd-af3d-919afb5a08c2,c5c232b0-10a0-4054-81ef-a74e12263611,no_beef
5d1d547c-5b41-4576-8634-1a69db5e6e25,41975c48-9ea1-41ed-9705-c1bf2776d129,dairy_free
6167d929-41d1-4d77-8bdd-0a17b2fa18f6,54fc67f6-59b9-4124-9b91-6373eea5e4dc,vegetarian
668c3dc9-0f74-4068-ae34-b7efab625e38,ccff7fa9-479d-4fbb-ae9c-074e1943c0bd,no_pork
66a62b53-b32b-4656-af93-eb5ddfc0d909,033f11f4-61bf-4570-98d8-6160eab212c4,nut_free
6b3dc507-a41f-42af-a2ff-9320b42a206d,c4be8d29-acca-4c73-a7dc-fa3aa9a8a5d5,halal
6be767c7-0727-40ae-87c1-584c1eab3636,e4c26ea7-6e44-4adc-a93e-6ee105430918,halal
6ec83bd2-0e37-4f01-a057-9de0b853a1e2,e6940706-24e3-4854-918c-6825b205f770,no_beef
704210cb-7bbb-4d5c-815c-758bfb9e2456,3281bbb3-7658-4d0b-b172-94defc2a6a45,halal
76259535-1fb3-4113-a693-00d5e279798e,e47d10f0-5e91-4ed3-9ce1-e441f8d795a4,halal
77307931-108d-41b8-8c81-4e7e6a2ce5c6,41975c48-9ea1-41ed-9705-c1bf2776d129,gluten_free
828bc458-b137-4c94-8fd3-dcf834cd0c8e,c4be8d29-acca-4c73-a7dc-fa3aa9a8a5d5,vegetarian
861df50f-01c6-4889-b903-7708abbac332,7a257288-8eb5-4dc5-8da1-654e71d15674,no_shellfish
8dea07b4-602e-46c2-9868-193632a20282,048c89d1-91f8-45d3-aa4e-a20a09097079,dairy_free
90770113-b03b-4cb5-bd79-62e0a65304b2,416afd64-94ff-4bba-8f79-cbefe1edc794,vegetarian
912d35af-a1fd-4374-8ec2-a2be9228d616,0785126b-c15a-4657-9a0c-4934fd242d03,no_beef
97e91480-5c20-47a7-bfad-66554e381c41,65792b50-4558-4850-b236-4db3eadd7af1,halal
9851451c-48d7-47cd-84ab-dbc2df573e95,3d0f468a-6b97-4773-ae56-c53f048b9173,no_shellfish
a20d321b-b670-47b4-a28a-637e28d50506,759963f3-f82c-49b9-8c79-556e45fbc9a7,no_beef
a282b3bb-3f0b-45d0-999c-90ce2c59f897,3d0f468a-6b97-4773-ae56-c53f048b9173,nut_free
a4f99cc3-04dd-4e3c-babe-b201d13de62d,dea7bbfc-c7a8-46ee-b55e-fde672d4ea45,nut_free
a751c2c1-688a-47ba-8d2c-af0b1f66b964,dcfb4e6c-7095-4df5-aa41-d81f97c9c6ed,halal
a94c0778-6dc4-49ef-bb1b-979f13dbb73b,ea5f2663-d9d4-4254-9b0f-31e7f0b4eaee,vegetarian
aae6974a-bbc6-4a76-b711-1386e22da9cc,3d0f468a-6b97-4773-ae56-c53f048b9173,no_fish
ac7740e9-131c-43b1-af78-9c117c27e53f,9f545c9f-4101-4223-ae02-8f2b677dd35e,gluten_free
ad603c80-7187-4d9e-9622-623f07cbe45b,ccff7fa9-479d-4fbb-ae9c-074e1943c0bd,no_shellfish
adbb3aac-a9ed-4f2c-8e5d-6dae7e9c3b81,4ca0b268-650f-4954-bca1-184bd82acecf,no_pork
b2fcd2e7-341d-4232-8555-1661333f6f7c,f888379a-7d3a-4620-98b9-849ca9f0c563,no_beef
b53ca416-1d7e-4ac7-a04f-54d1cd3b5fba,3a5e266f-c03e-40b7-863a-100a8df8575b,no_beef
c389c555-e6f2-4ac4-8e21-6c6f188217cc,8ad2ba09-5d00-438b-a6cb-c16447677fe2,halal
c43d905f-b339-4bdf-b5d8-433f7ceff6e5,1754da4b-08f9-4ce8-b922-b71fb5539ed9,nut_free
ce34d8ee-0eca-4a9d-b46b-ec2f3114bbf5,263048dc-d198-41f4-8a7d-2c4d06e3d72a,nut_free
d56e81bf-3645-46b3-819c-6ca47606eb12,9f545c9f-4101-4223-ae02-8f2b677dd35e,dairy_free
d7c2d8ff-9ee3-4a9d-9704-011c3b418299,04944dd4-8921-48cc-b5c2-3501a6dd1d2f,no_red_meat
de01eb33-65eb-47f3-bfed-19b8a6917391,a41cc784-d89b-45bd-938a-54eab5950206,vegetarian
e4e071f8-3b3e-4b62-af37-e3764a07beac,485ecba1-787e-4331-aaa7-e246f7206474,no_fish
ec0f22dd-a110-4069-8377-b13cd1acafbd,e7f545e0-c0d4-44d2-811e-ff28ce7b7f3a,vegetarian
ec6e450f-48a1-44c3-9c99-71df101c6abf,a11f5135-8220-48cf-b86e-df7c4f95a7ae,nut_free
ece10199-2b9c-42b8-8ea8-ae96b355efac,af6aba23-d7b2-47ae-ba8e-b6199290632b,no_beef
ff6467db-6d78-4eb0-bf40-ac28bfdd9e3c,e83ef64e-d212-4eeb-a397-168199e38770,no_fish